,id,h1,h2,h3,h4,h5,h6,h7
0,P49238,VFLSIFYSVIFAIGLVGNLLVVFALTNS,LLNLALSDLLFVATLPFWTHY,FTTAFFFIGFFGSIFFITVISI,VQHGVTISLGVWAAAILVAAPQFMF,NFLGFLLPLLIMSYCYFRII,LILLVVIVFFLFWTPYNVMIFLETL,ALSVTETVAFSHCCLNPLIYAFAG
1,P61168,AMLLTLLIFIIVFGNVLVCMAVS,YLIVSLAVADLLVATLVMPWVVY,IFVTLDVMMCTASILNLCAISI,VTVMIAIVWVLSFTISCPLLF,FVVYSSIVSFYVPFIVTLLVYIKIY,MLAIVLGVFIICWLPFFITHIL,AFTWLGYVNSAVNPIIYTTFNI
2,P97583,FVITICFFGLLGNLLVLSFFL,IYLANLAASDLVFVLGLPFWA,VVSGVIKANLFVSIFLVVAIS,QATCLLIWVAGGLLSIPTFLL,VLGFLLPVTAIIFFNYHILAS,ILTLVASFLVCWCPYHFFAFL,LANFFAFVNSCLNPLIYVFAG
3,P21729,FIYVIPAVYGLIIVIGLIGNITLI,LFISSLALGDLLLLVTCAPV,LIPFIQLTSVGVSVFTLTALSA,ALMKICLKAALIWIVSMLLAIP,IHSMASFLVFYVIPLAIISVYYYFIA,TVLVFVGLFAFCWLPNHVIYL,LHFVTSICARLLAFTNSCVNPFALYLL
4,Q9GJU1,AMLLTLLIFIIVFGNVLVCMAVS,YLIVSLAVADLLVATLVMPWVVY,IFVTLDVMMCTASILNLCAISI,VTVMIAIVWVLSFTISCPLLF,FVVYSSIVSFYVPFIVTLLVYIKIY,MLAIVLGVFIICWLPFFITHIL,AFTWLGYVNSAVNPIIYTTFNI
5,Q9NPC1,AFLLLAALLGLPGNGFVVWSL,VLHLALADGAVLLLTPLFVAF,VYYVCALSMYASVLLTGLLSL,LLLAVWLAALLLAVPAAVYRH,TLTAFVLPFGLMLGCYSVTLA,LVSAIVLAFGLLWAPYHAVNL,LAFFSSSVNPVLYVFTAGDLL
6,P97639,VFGTICLLGIVGNSTVIFAVV,IFIINLSVVDLLFLLGMPFMI,TLITAMDANSQFTSTYILTAMTI,LVICLLWALSFISITPVWLYA,LYWFTLYQFFLAFALPFVVIT,TAIAICLVFFVCWAPYYVLQL,AAISLGYANSCLNPFVYIVLC
7,P50407,VVIGSILTLITLLTIAGNCLVVISVCF,LIVSLALADLSVAVAVIPFVSVTDLI,VFIAMDVMCCTASIMTLCVISI,MPKMILSVWLLSASITLPPLFGWA,GYTIYSTAVAFYIPMSVMLFMYY,LGIIVGAFTVCWLPFFLLSTARPF,VERTCLWLGYANSLINPFIYAFF
8,P46093,LFPPSLYIFVIGVGLPTNCLALWAA,YLMNLSIADLLYICTLPLWVDY,LFGFIFYTNIYISIAFLCCISV,TAVAVSSVVWATELGANSAPLF,WMNLYRVFVGFLFPWALMLLSY,LALSLIAIVLVCFAPYHVLLL,VFSAYHSSLAFTSLNCVADPI
9,P61794,LVMGLGITVCVFIMLANLLVMVAIY,IYYLMANLAAADFFAGLAYFYLMF,LLRQGLIDTSLTASVANLLAIAI,VVVVIVVIWTMAIVMGAIPSV,SYLVFWAIFNLVTFVVMVVLY,LLKTVVIVLGAFIVCWTPGLVLLLL,FFLLLAEFNSAMNPIIYSYRD
10,Q969F8,LFFAALMLLGLVGNSLVIYVI,FYIANLAATDVTFLLCCVPFTAL,IQQVSVQATCATLTAMSV,LALAVSLSIWVGSAAVSAPVL,AFALYNLLALYLLPLLATCAC,LVAAVVLLFAACWGPIQLFLV,TWAHCMSYSNSALNPLLYAFLGS
11,P47747,VILIILILVTVAGNVVVCLAVG,VSLAVTDLLLGLLVLPFSAIYQLS,IYTSLDVMLCTASILNLFMISL,VAISLVFIWVISITLSFLSIHLGWN,VYGLVDGLVTFYLPLLIMCITYFR,TLAAVMGAFIICWFPYFTVFVYRG,VFEDVVLWLGYANSALNPILYA
12,Q8BFU7,TYIFIFIPGLLANSAALWVLC,AIIFMINLSVADLAHILSLPL,ALCLLCFYLKYLNMYASIFFL,VGISAVIWIVVGTACLPFPIL,VLVTMVVIAELAGFVIPVITI,VFMCAAVFVICFTPYHINFIF,FSLCLASLCCLLDPILYYFMA
13,P21730,ILALVIFAVVFLVGVLGNALVVWVTAF,INAIWFLNLAVADFLSCLALPILF,ILPSLILLNMYASILLLATISA,WIACAVAWGLALLLTIPSFLY,AVAIVRLVLGFLWPLLTLTICYTFIL,VVVAVVASFFIFWLPYQVTGIMM,SLCVSFAYINCCINPIIYVVA
14,P34969,IGSILTLITLLTIAGNCLVVI,YLIVSLALADLSVAVAVMPFV,FIAMDVMCCTASIMTLCVISI,MILSVWLLSASITLPPLFGWA,FGYTIYSTAVAFYIPMSVMLF,ATTLGIIVGAFTVCWLPFFLL,TFLWLGYANSLINPFIYAFFN
15,P20288,AMLLTLLIFVIVFGNVLVCMAVS,YLIVSLAVADLLVATLVMPWVVY,IFVTLDVMMCTASILNLCAISI,VTVMIAIVWVLSFTISCPMLF,FVVYSSIVSFYVPFIVTLLVYIKIY,MLAIVLGVFIICWLPFFITHIL,AFTWLGYVNSAVNPIIYTTFNI
16,P19327,VITSLLLGTLIFCAVLGNACVVAAIA,LIGSLAVTDLMVSVLVLPMAALYQV,LFIALDVLCCTSSILHLCAIAL,AAALISLTWLIGFLISIPPMLGWRTP,DHGYTIYSTFGAFYIPLLLMLVLYGR,TLGIIMGTFILCWLPFFIVALV,ALLGAIINWLGYSNSLLNPVIYAYF
17,P32307,VELALLSTVFVAVALSNGLVLGALV,IGHLCLADLAVALFQVLPQLA,AVKYLQMVGMYASSYMILAMTL,VLVAWAFSLLLSLPQLFIFAQ,GLRAYVTWIALMVFVAPALG,MTLVIVAVYVLCWAPFFLVQLW,LLMLLASLNSCTNPWIYASF
18,P49146,VLILAYCSIILLGVIGNSLVI,FFIANLAVADLLVNTLCLPFT,LVPYAQGLAVQVSTITLTVIA,FLIIGLAWGISALLASPLAIF,TVYSLSSLLILYVLPLGIISF,MLVCVVVVFAVSWLPLHAFQL,LIFTVFHIIAMCSTFANPLLY
19,Q28691,PVTIPAVMFIFGVVGNLVAIVVLC,TLVCGLAVTDLLGTLLVSPVTIAT,FILLFFGLSGLSIICAMSI,AGLTLFAVYASNVLFCALPNMGLGR,SYMYAGFSSFLILATVLCNVLVCGALL,IQMVILLIATSLVVLICSIPLVVRVFIN,QAIRIASVNPILDPWIYILL
20,P35344,YVVLITYILVFLLSLLGNSLVMLVILY,VYLLNLAIADLLFATTLPIWA,VVSLVKEVNFYSGILLLACISV,FICLSMWGVSLILSLPILLF,MVLRILPQTFGFILPLLVMLFCY,VIFAVVLIFLLCWLPYNLVLLT,ALDATEILGFLHSCLNPIIYA
21,P14416,ATLLTLLIAVIVFGNVLVCMAVS,YLIVSLAVADLLVATLVMPWVVY,IFVTLDVMMCTASILNLCAISI,VTVMISIVWVLSFTISCPLLF,FVVYSSIVSFYVPFIVTLLVYIKIY,MLAIVLGVFIICWLPFFITHIL,AFTWLGYVNSAVNPIIYTTFNI
22,P97520,IAALIIYLAVFLVGVTGNALVVWVTAF,VNAIWFLNLAVADLLSCLALPILF,VLPSLILLNMYSSILLLATISA,WMACGVTWVLALLLTIPSFVF,AIAILRLMVGFVLPLLTLNICYTFLL,VVMAVVTCFFVFWLPYQVTGVIL,SLCVSLAYINCCVNPIIYVMA
23,Q8BLG2,AVYSVVFILGLITNSASLFVF,TAIFITNLALSDLLFVCTLPF,ISGTAFLTNIYGSMLFLTCIS,AIVCAGVWILVLSGGISASLF,ITIFIEVVGFIIPLILNVSCS,MAVFVVCFVPYNSVLFLYALV,ITLCLATLNCCFDPFIYYFTL
24,P08913,LTLVCLAGLLMLLTVFGNVLVIIAVF,FLVSLASADILVATLVIPFSLANEVM,EIYLALDVLFCTSSIVHLCAISL,AIIITVWVISAVISFPPLISI,WYVISSCIGSFFAPCLIMILVYV,VLAVVIGVFVVCWFPFFFTYT,FFFWFGYCNSSLNPVIYTIF
25,Q9ESG6,GMVFITGLLLNGISGWIFFYV,FIIYLKNIVVADFLMGLTFPF,SAVIFYVNMYVSIVFFGLISF,LLSVLVWMLMLLLAVPNIILT,YIFVSIFWVVFLLLIVFYTAI,IFSIVLVFVVCFVPYHIARIP,FTLLLSAANVCLDPIIYFFLC
26,Q01726,VSISDGLFLSLGLVSLVENALVVATI,MYCFICCLALSDLLVSGSNVL,VIDVITCSSMLSSLCFLGAIAV,AVAAIWVASVVFSTLFIAYY,LVVFFLAMLVLMAVLYVHML,VTLTILLGIFFLCWGPFFLHLTLIVL,FNLFLALIICNAIIDPLIYAF
27,O95136,VASAFIVILCCAIVVENLLVLIAVA,AMYLFLGNLAASDLLAGVAFVANTLLSGS,GSAFITLSASVFSLLAIAI,MLLLIGASWLISLVLGGLPILGWNCL,YVLCVVTIFSIILLAIVALYV,TVTIVLGVFIVCWLPAFSILLL,YFFAVSTLNSLLNPVIYTWRS
28,O54814,LYSLVFIVGLLGNMMVVLILI,IYLLNLAISDLLFLFTVPFWI,LSGLYYLALYSEIFFIILLTI,TITSIITWGFAVLAALPEFIF,MNIFGLALPLLIMVICYSGII,LIFVVMIVFFIFWTPYNLVLL,VTEVITHTHCCINPIIYAFVG
29,P22086,AGLAAVVGFLIVFTVVGNVLVVIAV,FLVSLASADILVATLVMPFSLANELM,GVYLALDVLFCTSSIVHLCAISL,KATIVAVWLISAVISFPPLVSFY,TWYILSSCIGSFFAPCLIMGLVYA,LAVVMGVFVLCWFPFFFSYSLYGI,FFFWIGYCNSSLNPVIYTVFN
30,P46002,LFPIVYSVIFVLGVVANGYVLW,FMVNLTVADLLFLMTLPLWI,LAGCLFFINTYCSVAFLGVITY,GITLSLVIWISIAATASYFLAT,LVVHIFITSCFFLVFFLIFYC,VCTVLAVFVICFVPHHVVQLP,ITLCLLSTNCVLDPVIYCFL
31,Q15761,FLIGLYTFVSLLGFMGNLLIL,FLIGNLAFSDILVVLFCSPFT,PFLQCVSVLVSTLILISIAIV,YFLIATVWTLGFAICSPLPVF,IAFTISLLLVQYILPLVCLTV,LTILILVFAVSWMPLHLFHVV,CICHLLGMMSCCLNPILYGFL
32,P50052,AIPILYYIIFVIGFLVNIVVVTLFCC,IYIFNLAVADLLLLATLPLWAT,FGSFLTLNMFASIFFITCMSV,SYIVPLVWCMACLSSLPTF,AGIALMKNILGFIIPLIFIATCYFGI,MAAAVVLAFIICWLPFHVLTFL,LALPFAILLGFTNSCVNPFLY
33,Q99677,AVYSVVFILGLITNSVSLFVF,TAIFITNLAVSDLLFVCTLPF,ISGTAFLTNIYGSMLFLTCIS,AIVCAGVWILVLSGGISASLF,ITIFIEVVGFIIPLILNVSCS,MAVFVVCFVPYNSVLFLYALV,ITLCLATLNCCFDPFIYYFTL
34,P30553,ITLYAVIFLMSVGGNVLIIVVL,VTNAFLLSLAVSDLLLAVACMP,YLMGVSVSVSTLNLVAIAL,AARVILATWLLSGLLMVPY,VLLLLLLFFIPGVVIAVAYGLIS,MLLVIVLLFFLCWLPVYSVNTW,FIHLLSYVSACVNPLVYCFMH
35,Q5NUL3,VLVLIFAVSLLGNVCALVLVA,VLNLFCADLLFISAIPLVLAV,LLFYVMTLSGSVTILTLAAVS,VLLALIWGYSAVAALPLCVFF,ISWDVSFVTLNFLVPGLVIVI,LMVSFFIMWSPIIITILLILI,LVIWPSLFFWVVAFTFANSAL
36,P30548,IVLWAAAYTVIVVTSVVGNVVVI,TVTNYFLVNLAFAEACMAAFNT,FHNFFPIAALFASIYSMTAVAF,VVIFVIWVLALLLAFPQGYYS,AYHICVTVLIYFLPLLVIGYAYTVV,MMIVVVCTFAICWLPFHIFFLL,QQVYLASMWLAMSSTMYNPIIYCCL
37,P30411,PPFLWVLFVLATLENIFVLSVFCL,IYLGNLAAADLILACGLPFWAITIS,VVNAIISMNLYSSICFLMLVSI,LYSLVIWGCTLLLSSPMLVFRTM,VFTNMLLNVVGFLLPLSVITFCTMQIM,ATVLVLVVLLLFIICWLPFQISTFL,VITQIASFMAYSNSCLNPLVYVIV
38,P32245,LFVSPEVFVTLGVISLLENILVIVAI,FICSLAVADMLVSVSNGSETIVITL,VIDSVICSSLLASICSLLSIAV,VGIIISCIWAACTVSGILFII,AVIICLITMFFTMLALMASLYVHM,ILIGVFVVCWAPFFLHLIFYISC,MSHFNLYLILIMCNSIIDPLIYAL
39,P25929,LAYGAVIILGVSGNLALIIII,ILIVNLSFSDLLVAIMCLPFT,PFVQCVSITVSIFSLVLIAVE,AYVGIAVIWVLAVASSLPFLI,TTLLLVLQYFGPLCFIFICYF,INIMLLSIVVAFAVCWLPLTI,LLFLLCHLTAMISTCVNPIFY
40,Q9H228,VVCLAVCAFIVLENLAVLLVL,MFLLLGSLTLSDLLAGAAYAA,EGGVFVALTASVLSLLAIALE,LAMAAAAWGVSLLLGLLPALG,YVLFCVLAFVGILAAICALYA,LSVVLLAFVACWGPLFLLLLL,ADPFLGLAMANSLLNPIIYTL
41,Q0VC81,YISVEILIGLCAIVGNVLVIWVV,YFIVSLALADIAVGVLVMPLAIVI,LMTCLLMIFTHASIMSLLAIAV,IWLALGLCWLVSFLVGLTPMFG,VYFSFFTWILIPLVVMCAIYF,LSLVLFLFALSWLPLSIINCIIYF,IVLYLGILLSHANSMMNPIVYAY
42,O95665,VLFTALYALIWALGAAGNALSAH,AGRLRHHVLSLALAGLLLLLVGV,GYYFVHELCAYATVLSVAGLSA,LVALSWAASLGLALPMAVIMGQ,PLALTAFLNGVTVSHLLALC,VLRAIVVMYVICWLPYHARRL,YFYMVTNTLFYVSSAVTPLLY
43,P35383,YVLLPVSYGVVCVLGLCLNVVALYIFL,YMFHLAVSDSLYAASLPLLVYYY,FLFYTNLYCSILFLTCISV,VAAVVWVLVLACQAPVLYFV,FVAYSSVMLGLLFAVPFSVILVCYVL,IALVLAVFALCFLPFHVTRTLYY,YKITRPLASANSCLDPVLYFLA
44,P25102,VVLTTLILITIAGNVVVCLAVS,VSLAATDLLLGLLVLPFSAIYQLS,IYTSLDVMLCTASILNLFMISL,VAISLVFIWVISITLSFLSIHLGWN,VYGLVDGLVTFYLPLLIMCVTYYR,TLAAVMGAFIICWFPYFTAFVYRG,AVEGIVLWLGYANSALNPILYA
45,Q99P50,LLAGVTATCVALFVVGISGNLLTMLV,LRTTTNLYLSSMAFSDLLIFLCMP,FQFVSESCTYATVLTITALSVE,ILVIWAVAFCSAGPIFVLVGV,MVWVSSVFFFLPVFCLTVLYSLIG,AVVVFAFILCWLPFHVGRYLFS,NLVSFVLFYLSAAINPILYNIMSK
46,P30874,AVLTFIYFVVCIIGLCGNTLVIYV,NIYILNLAIADELFMLGLPFLAMQV,MTVDGINQFTSIFCLTVMSI,ITMAVWGVSLLVILPIMIYA,FIIYTFILGFLVPLTIICLCYL,VTRMVSIVVAVFIFCWLPFYIFNVS,ALKGMFDFVVVLTYA
47,Q13304,FYLLDFILALVGNTLALWLFI,PANVFLMHLAVADLSCVLVLP,LTGFLFYLNMYASIYFLTCIS,AHLACAFLWVVVAVAMAPLLV,SLAVAFTFPFITTVTCYLLII,AVRMIAIVLAIFLVCFVPYHV,ITSCLTSLNGALDPIMYFFVA
48,P51681,RLLPPLYSLVFIFGFVGNMLVILILINC,LLNLAISDLFFLLTVPFWAHY,LLTGLYFIGFFSGIFFIILLTI,VTFGVVTSVITWVVAVFASLPGIIF,VILGLVLPLLVMVICYSGIL,LIFTIMIVYFLFWAPYNIVLLLNTF,AMQVTETLGMTHCCINPIIYAFVG
49,Q28838,LTLVCLAGLLMLFTVFGNVLVIIAVF,FLVSLASADILVATLVIPFSLANEVM,EIYLALDVLFCTSSIVHLCAISL,IKAIIVTVWVISAVISFPPLISFE,QKWYVISSSIGSFFAPCLIMILVYV,VLAVVIGVFVVCWFPFFFTYTLTAI,FFFWFGYCNSSLNPVIYTIFN
50,P28564,VLLVALLALITLATTLSNAFVIATVY,NYLIASLAVTDLLVSILVMPISTMYT,FWLSSDITCCTASIMHLCVIAL,AAIMIVLVWVFSISISLPPFFW,VLYTVYSTVGAFYLPTLLLIALY,LGIILGAFIVCWLPFFIISLV,IFDFFNWLGYLNSLINPIIYTM
51,Q9HBX9,VFVWVVSAVTCFGNIFVICMR,IISLCCADCLMGIYLFVIGGF,LVGSLAILSTEVSVLLLTFLT,TITVLILIWITGFIVAFIPLS,IYSVAIFLGINLAAFIIIVFS,FFFIVFTDALCWIPIFVVKFL,LLQVEIPGTITSWVVIFILPI
52,Q14330,VFYSCIFIIGLFVNITALWVF,VTIYMMNVALVDLIFIMTLPF,ILGALTVFYPSIALWLLAFIS,VLACVGVWIMTLTTTTPLLLL,LTFFFLIPLFIMIGCYLVIIH,IIITLLVQVLVCFMPFHICFA,AFTTFLMNLSTCLDVILYYIV
53,Q9BDQ5,VIIIICVCGLLGNLLVLAVLL,MYLANLAASDLVFVLGLPFWA,LVNGVIKANLFISIFLVVAIS,RATCVLIWVAGSLLSVPTFLF,VLGFLLPLAAIVFFNCHILAS,ILTFVAAFLVCWTPYHFFAFL,YASFFAFINSCLNPVIYVFVG
54,P08485,MVFIATVTGSLSLVTVVGNILVM,YFLFSLGCADLIIGAFSMNLY,LWLALDYVVSNASVMNLLIISF,AGLMIAAAWVLSFVLWAPAILFW,AVTFGTAIAAFYLPVVIMTVLYI,IFAILLAFILTWTPYNVMVLV,IGYWLCYVNSTINPACYALC
55,Q92633,LVMGLGITVCIFIMLANLLVMVAIY,IYYLMANLAAADFFAGLAYFYLMF,LLRQGLIDTSLTASVANLLAIAI,VVVVIVVIWTMAIVMGAIPSV,SYLVFWAIFNLVTFVVMVVLY,LLKTVVIVLGAFIICWTPGLVLLLL,FFLLLAEFNSAMNPIIYSYRD
56,Q9BXC1,VILVPGLIGNILALWVFYGYM,AVIFMINLAIADLLQVLSLPL,MFCFYLKYVNMYASIYFLVCI,LYISIAGWLIICLACVLFPLL,VVMMTIGELIGFVTPLLIVLY,ILTCAGVFLICFAPYHFSFPL,ILIFHSVALCLASLNSCLDPV
57,P25099,AYIGIEVLIALVSVPGNVLVIWA,FIVSLAVADVAVGALVIPLAILI,LMVACPVLILTQSSILALLAIA,AAVAIAGCWILSLVVGLTPMFGW,MEYMVYFNFFVWVLPPLLLMVLIYL,LALILFLFALSWLPLHILNCITLF,ILIYIAIFLTHGNSAMNPIVYAFRI
58,P35462,ALSYCALILAIVFGNGLVCMAVL,YLVVSLAVADLLVATLVMPWVVY,VFVTLDVMMCTASILNLCAISI,VALMITAVWVLAFAVSCPLLF,FVIYSSVVSFYLPFGVTVLVYA,MVAIVLGAFIVCWLPFFLTHVL,ATTWLGYVNSALNPVIYTTF
59,Q60F97,QNWPALSIVIIIILTIGGNILVIMAV,YFLMSLAIADMLVGLLVMPLS,PVWISLDVLFSTASIMHLCAISL,AIMKIAIVWAISIGVSVPIPVIG,FVLIGSFVAFFIPLTIMVITYC,VLGIVFFVFLVMWCPFFITNIL,LLNVFVWIGYVCSGINPLVYTLF
60,P32305,VVIGSILTLITLLTIAGNCLVVISVCF,LIVSLALADLSVAVAVMPFVSVTDLI,VFIAMDVMCCTASIMTLCVISI,MAKMILSVWLLSASITLPPLFGWA,GYTIYSTAVAFYIPMSVMLFMYY,LGIIVGAFTVCWLPFFLLSTARPF,VERTCLWLGYANSLINPFIYAFF
61,Q62035,LFPIVYSVIFILGVVANGYVLW,FMVNLTMADLLFLITLPLWI,VAGCLFFINTYCSVAFLGVITY,GISLSLIIWVSIVATASYFLAT,LVVHVFIAFCFFLVFFLIFYC,VCTVLAVFIICFVPHHVVQLP,ITLCLLSTNCVLDPVIYCFL
62,P48044,AELALLSTVFVAVALSNGLVLGALV,IGHLCLADLAVALFQVLPQLA,AVKYLQMVGMYASSYMILAMTL,VLLAWAFSLLFSLPQLFIFAQ,GLRAYVTWIALMVFVAPALG,MTLVIVIVYVLCWAPFFLVQLW,LLMLLASLNSCTNPWIYASF
63,P20789,AIYLALFVVGTVGNSVTAFTL,YHLGSLALSDLLILLLAMPV,GYYFLRDACTYATALNVASLSV,TKKFISAIWLASALLAIPMLF,VVIQVNTFMSFLFPMLVISILNTVI,VLRAVVIAFVVCWLPYHVRRLM,YFYMLTNALFYVSSAINPILY
64,Q61614,YINTVISCTIFIVGMVGNATLL,NGPNALIASLALGDLIYVVI,LFPFLQKSSVGITVLNLCALSV,IVSIWILSFILAIPEAIGFVMVPF,WWLFGFYFCMPLVCTAIFYTLM,TVFCLVVIFALCWFPLHLSRIL,LLMDYIGINLATMNSCINPIALYFV
65,O15552,AYIIIFLTGLPANLLALRAFV,APVHILLLSLTLADLLLLLLL,TSFGFYSSIYCSTWLLAGISI,VIAALVAWVMSFGHCTIVIIV,DVVLPVRLELCLVLFFIPMAV,AVGLAVVTLLNFLVCFGPYNV,SIAVVFSSLNASLDPLLFYFS
66,Q80SS6,VLGLSLALASLIVIANLLLAL,GCFFLSLLLAGLLTGLALPML,LLLHLTPNFCFLSLLANLLLV,LALFLTWVSSLFFASLPALGW,LYLEVYGLLLPAVGATALLSV,LLFLLCWGPYVATLLLSVLAY,LLSLISLGSTSAAAVPVAMGL
67,Q8VIH9,GAVLSTMGVVGVVGNVYTLVVMC,VYVVNLALADLLYLLSIPFIVATYVT,VLFSLDFLTMHASIFTLTIMSS,LLALGTWLLALLLTLPMML,TYLTLLFGTSIVGPGLVIGLLYI,YLILGIVLLFWACFLPFWLWQLLAQY,YLTACLTYGNSCINPFLYTLLT
68,P51436,LVGGVLLIGLVLAGNSLVCVSVA,YFIVSLAAADLLLAVLVLPLFVY,TLMAMDVMLCTASIFNLCAISV,QLLLIAATWLLSAAVASPVVCGLN,YVVYSSVCSFFLPCPLMLLLYW,VLPVVVGAFLVCWTPFFVVHITR,PRLVSAVTWLGYVNSALNPIIYT
69,Q91ZY2,FLMSSFAFAIMVGNAVVILAF,FFLNLAISDFLVGLISIPLYI,MFWLITDYLLCTASVYNIVLI,IVAQMVAVWILAFLVNGPMIL,YILTITMLLEFLLPVISVAYF,LAILLSAFAICWAPYCLFTIV,IAFWLQWFNSFVNPFLYPLCH
70,P30559,ARVEVAVLCLILLLALSGNACVLLA,FFFMKHLSIADLVVAVFQVLPQL,LVKYLQVVGMFASTYLLLLMSL,LAVLATWLGCLVASAPQVHIF,WITLAVYIVPVIVLAACYGLISF,MTFIIVLAFIVCWTPFFFV,AFIIVMLLASLNSCCNPWIYMLF
71,P29274,VYITVELAIAVLAILGNVLVCWAVW,YFVVSLAAADIAVGVLAIPFAITI,LFIACFVLVLTQSSIFSLLAIAI,AKGIIAICWVLSFAIGLTPMLGW,MNYMVYFNFFACVLVPLLLMLGVYL,LAIIVGLFALCWLPLHIINCFTFF,LWLMYLAIVLSHTNSVVNPFIYAY
72,Q8JZL2,VFGTICLLGIVGNSTVIFAVV,IFIINLSVVDLLFLLGMPFMI,TLITAMDANSQFTSTYILTAMAI,LVICLLWALSFISITPVWLYA,LYWFTLYQFFLAFALPFVVIT,TAIAICLVFFVCWAPYYVLQL,AAISLGYANSCLNPFVYIVLC
73,P25101,YINTVISCTIFIVGMVGNATLL,NGPNALIASLALGDLIYVVI,LFPFLQKSSVGITVLNLCALSV,IVSIWILSFILAIPEAIGFVMVPF,WWLFGFYFCMPLVCTAIFYTLM,TVFCLVVIFALCWFPLHLSRIL,LLMDYIGINLATMNSCINPIALYFV
74,P25106,SVLLYTLSFIYIFIFVIGMIA,YILNLAIADLWVVLTIPVWVV,VTHLIFSINLFGSIFFLTCMS,VVCILVWLLAFCVSLPDTYYL,LVSVVLGFAVPFSIIAVFYFL,IIFSYVVVFLVCWLPYHVAVL,LHVTQCLSLVHCCVNPVLYSFIN
75,Q3U6B2,VLMPLHYSLVFIIGLVGNLLALVVIV,ILFTTALPTRIAYYALGF,VTALVFYINTYAGVNFMTCLSI,GVCLSVWILVFAQTLPLLL,LPWILLGACLLGYVLPITVILLC,ALNTIILIIVVFILCFTPYHVAII,ISLHFTVCLMNFNCCMDPFIYFFAC
76,Q7TMA4,VLGLIFVVSLLGNVCALVLVA,VLNLFCADLLFTSAIPLVLVV,WLLGPVVCHLLFYVMTMSGSV,ALLAFIWGYSALAALPLCILF,ISWDVFFVTLNFLVPGLVIVI,LMVSFFIMWSPIIITILLILI,LVIWPSLFFWVVAFTFANSAL
77,P52702,ATLLTLLIAVIVFGNVLVCMAVS,YLIVSLAVADLLVATLVMPWVVY,IFVTLDVMMCTASILNLCAISI,VTVMIAIVWVLSFTISCPLLF,FVVYSSIVSFYVPFIVTLLVYIKIY,MLAIVLGVFIICWLPFFITHIL,AFTWLGYVNSAVNPIIYTTFNI
78,P32240,PVTIPAVMFIFGVVGNLVAIVVLC,TLVCGLAVTDLLGTLLVSPVTIAT,FILLFFGLSGLSIICAMSI,AGLTLFAIYASNVLFCALPNMGLGR,SYMYAGFSSFLILATVLCNVLVCGALL,IQMVILLIATSLVVLICSIPLVVRVFIN,QAIRIASVNPILDPWIYILL
79,Q9EP66,LGLEFVFGLLGNGLALWIFCF,IFLFNLAVADFLLIICLPFLT,VMLFMLAMNRQGSIIFLTVVA,AAIISCFLWGLTIGLTVHLLY,FLLEFFLPLAIILFCSGRIIW,INFIMVVAIVFIICFLPSVAV,LAFFTTLSFTYMNSMLDPVVY
80,Q8TDV5,VLASLIIATNTLVAVAVLLLI,GVSLCFTLNLAVADTLIGVAI,MAFVTSSAAASVLTVMLITFD,IAGLWLVSYLIGFLPLGIPMF,FVLTLSCVGFFPAMLLFVFFY,VSVLIGSFALSWTPFLITGIV,YLWLLGVGNSLLNPLIYAYWQ
81,P41597,QLLPPLYSLVFIFGFVGNMLVVLILINC,LLNLAISDLLFLITLPLWAH,LFTGLYHIGYFGGIFFIILLTI,VTFGVVTSVITWLVAVFASVPGIIF,NILGLVLPLLIMVICYSGIL,VIFTIMIVYFLFWTPYNIVILLNTF,ATQVTETLGMTHCCINPIIYAFVG
82,Q75Z89,WSALLTAVVIILTIAGNILVIMAV,YFLMSLAIADMLLGFLVMPVSTL,AVWIYLDVLFSTASIMHLCAISL,AFLKIIAVWTISVGISMPIPVFGL,FVLIGSFVAFFIPLTIMVITY,LGIVFFLFVVMWCPFFITNIMA,NVFVWIGYLSSAVNPLVYTLFN
83,P33032,IAVEVFLTLGVISLLENILVIGAI,FVCSLAVADMLVSMSSAWETITIY,DNVFDSMICISVVASMCSLLAIAV,ARRSGAIIAGIWAFCTGCGIVFIL,ILCLISMFFAMLFLLVSLYIHMFLL,VTMLLGVFTVCWAPFFLHLTLMLSCP,MSHFNMYLILIMCNSVMDPLIYAF
84,Q96RJ0,LYSLMVLIILTTLVGNLIVIV,WLIHSMATVDFLLGCLVMPYS,HTSTDIMLSSASIFHLSFISI,ILVICVMIFISWSVPAVFAFG,ISGVLTFMTSFYIPGSIMLCV,LGIVMGVFLICWCPFFICTVM,VLIWFGYLNSTFNPMVYAFFY
85,O43603,PLLFALIFLVGTVGNTLVLAV,NLFILNLGVADLCFILCCVPF,AVHFLIFLTMHASSFTLAAVSL,ALAAIGLIWGLSLLFSGPYLS,DICTFVFSYLLPVLVLGLTYA,ILIVAALFCLCWMPHHALILC,FGQFPLTRATYALRILSHLVS
86,Q99500,LTTVLFLVICSFIVLENLMVLIAIW,RMYFFIGNLALCDLLAGIAYKVNILMSGK,GSMFVALGASTCSLLAIAI,VFLLIGMCWLIAFTLGALPILGWNCL,YIAFCISIFTAILVTIVILYA,TVVIVVSVFIACWSPLFILFLI,WFIVLAVLNSAMNPVIYTLAS
87,P35345,IAVEVFLTLGLVSLLENILVIGAI,FVGSLAVADMLVSMSNAWETITIY,DNVFDSMICISVVASMCSLLAIAV,ARRSGVIIACIWTFCISCGIVFII,IVCLISMFFTMLFFMVSLYIHMFLL,LTMLLGIFIVCWSPFFLHLILMISCP,MSYFNMYLILIMCNSVIDPLIYAL
88,Q28642,APFLWVLFVLATLENLFVLSVFCL,VYLGNLAAADLILACGLPFWAVTIA,VVNTMIYMNLYSSICFLMLVSI,LYSLVIWGCTLLLSSPMLVFRTM,VFTNVLLNLVGFLLPLSVITFCTVQIL,ATVLVLAVLLLFVVCWLPFQVSTFL,VITQVGSFMGYSNSCLNPLVYVIV
89,Q9ES90,FFIIYSALLLVLGLLLNSVAL,IYMTNLAVADLCLLCSLPFVL,LSQGIYLANRYMSISLVTAIAV,QAAAVCVALWVIVVTSLVVRW,LGFYLPLAIVVFCSLQVVTVL,VWANLAVFVICFLPLHVVLTV,SITGKLSDTNCCLDAICYYYM
90,P50406,VVIALTAAANSLLIALICTQPAL,LVSLFTSDLMVGLVVMPPAML,LWTAFDVMCCSASILNLCLISL,ALVLGAWSLAALASFLPLLLGW,SLPFVLVASGLTFFLPSGAICFTY,ASLTLGILLGMFFVTWLPFFVANIV,CISPGLFDVLTWLGYCNSTMNPIIY
91,P25023,APFLWVLFLLAALENIFVLSVFCL,IYLGNLAAADLILACGLPFWAITIA,VVNTMIYMNLYSSICFLMLVSI,LYSLVIWSCTLLLSSPMLVFRTM,VFTNMLLNLVGFLLPLSIITFCTVRIM,ATVLVLAVLGLFVLCWFPFQISTFL,IVTQISSYVAYSNSCLNPLVYVIV
92,Q99705,SVFGTICLLGIIGNSTVIFAVVK,IFIINLSVVDLLFLLGMPFMIHQ,TLITAMDANSQFTSTYILTAMAI,VATLVICLLWALSFISITPVWLY,LYQFFLAFALPFVVITAAYVRIL,RVTRTAIAICLVFFVCWAPYYVL,VYLYNAAISLGYANSCLNPFVYI
93,P79218,LALWATAYLALVLVAVVGNATVIW,YFIVNLALADLCMATFNAAFN,FQNLFPITAMFVSIYSMTAIAA,AVIAGIWLVALALAFPQCFYS,YHLTVIALIYFLPLVVMFVAYS,MVLVVVTFAVCWLPYHLYFLL,VLFWLAMSSTMYNPIIYCCL
94,Q01727,VSIPDGLFLSLGLVSLVENVLVVIAI,MYYFICCLALSDLMVSVSIVL,LIDVLICGSMVSSLCFLGIIAI,AVVGIWMVSIVSSTLFITYY,LVTFFLAMLALMAILYAHMF,ATLTILLGIFFLCWGPFFLHLLLIVL,FNLFLLLIVLSSTVDPLIYAF
95,P02699,FSMLAAYMFLLIMLGFPINFLTLYV,YILLNLAVADLFMVFGGFTTTLY,NLEGFFATLGGEIALWSLVVLAI,AIMGVAFTWVMALACAAPPLV,FVIYMFVVHFIIPLIVIFFCYG,MVIIMVIAFLICWLPYAGVAFY,FMTIPAFFAKTSAVYNPVIYIM
96,P47745,AYIGIEVLIALVSVPGNVLVIWA,FIASLAVADVAVGALVIPLAILI,LMVACPVLILTQSSILALLAIA,AAVAIAGCWILSLVVGLTPMFGW,MEYMVYFNFFVWVLPPLLLMVLIYL,LALILFLFALSWLPLHILNCITLF,ILTYIAIFLTHGNSAMNPIVYAFRI
97,Q15391,CMVFIAGILLNGVSGWIFFYV,FIIYLKNIVIADFVMSLTFPF,SAVLFYVNMYVSIVFFGLISF,LLSVIVWMLMLLLAVPNIILT,YIFVAIFWIVFLLLIVFYTAI,IFSIVFVFFVCFVPYHIARIP,FTLLLSAANVCLDPIIYFFLC
98,P54833,GMGIVMSLIVLAIVFGNVLVITAI,ITSLACADLVMGLAVVPFGASHIL,EFWTSIDVLCVTASIETLCVIAV,RVVILMVWIVSGLTSFLPIQMHWY,QAYAIASSIVSFYLPLVVMVFVYS,LGIIMGTFTLCWLPFFIVNIVHVI,EVYILLNWVGYVNSAFNPLIYCRS
99,P49681,VVYGVICAVGLAGNSAVLYVL,VFILNLAIADELFTLVLPINI,LIVAVDQYNTFSSLYFLAVMS,AVSLAVWALVTLVVLPFAVFA,LVLGFAIPVTTICALYTTLLC,VTLLVAAILAVCLLCWTPYHL,ISYFITSLSYANSCLNPFLYAFL
100,P48302,YINTIVSCLVFVLGIIGNSTLLRII,ILIASLALGDLLHIIIDIPINTYKLL,LVPFIQKASVGITVLSLCALSI,AVEIVLIWVVSVVLAVPEAIGFDMI,AKDWWLFSFYFCLPLAITAVFYTLM,VFCLVLVFALCWLPLHLSRILKLTLY,FLLVLDYIGINMASLNSCINPIALYLV
101,Q96RI0,LYGLVLVVGLPANGLALWVLA,LPSTMLLMNLAAADLLLALAL,ATAALYGHMYGSVLLLAAVSL,ALGLCMAAWLMAAALALPLTL,LALLGCFLPLLAMLLCYGATL,LTAVVLASAVAFFVPSNLLLL,GAYVPSLALSTLNSCVDPFIYYYV
102,Q76JV1,FALYVAAFALGFPLNVLAIRGAR,LVYALNLGCSDLLLTVSLPLKAV,PVFGVAHFAPLYAGGGFLAALS,YSWGVCAAIWALVLCHLGLVF,AGPARFSLSLLLFFLPLAITAF,WVAGGALLTLLLCVGPYNASNVASF,WRKLGLITGAWSVVLNPLVTGYL
103,P28088,YINTVVSCLVFVLGIIGNSTLLRII,ILIASLALGDLLHIIIDIPINTYKLL,LVPFIQKASVGITVLSLCALSI,AVEIVLIWVVSVVLAVPEAVGFDII,AKDWWLFSFYFCLPLAITALFYTLM,VFCLVLVFALCWLPLHLSRILKLTLY,FLLVLDYIGINMASLNSCINPIALYLV
104,P56483,QFVPPLYSLVFMVGLLGNVVVVMILIKY,LLNLAISDLLFLFTLPFWIHY,VLSGFYHTGLYSEIFFIILLTI,VTFGVITSIVTWGLAVLAALPEFIF,TILCLALPLLVMAICYTGII,LIFVIMAVFFIFWTPYNVAILISTY,FVLATEVIAYSHCCVNPVIYAFVG
105,Q01776,VTVTFFLFLLSTAFNASFLL,VLLKHLTLANLLETLIVMPL,VLSYLKLFSMYAPAFMMVVISL,ILSIVFAGPQLYIFRMIYLA,FFTFGCLFIIPLLIMLICNA,PYYVLGIWYWFDPEMLNRV,FFFLFAFLNPCFDPLIYGYF
106,P35368,ISVGLVLGAFILFAIVGNILVILSV,IVNLAMADLLLSFTVLPFSAAL,IFCDIWAAVDVLCCTASILSLCAISI,AILALLSVWVLSTVISIGPLLGW,FYALFSSLGSFYIPLAVILVMYC,LGIVVGMFILCWLPFFIALPLGSL,DAVFKVVFWLGYFNSCLNPIIYPCS
107,Q9H3N8,FFMSLVAFAIMLGNALVILAF,FFLNLAISDFFVGVISIPLYI,VFWLTTDYLLCTASVYNIVLI,IVTLMVAVWVLAFLVNGPMIL,YILAITSFLEFVIPVILVAYF,LAILLGVFAVCWAPYSLFTIV,IAFWLQWFNSFVNPLLYPLCH
108,P11229,VAFIGITTGLLSLATVTGNLLVL,YFLLSLACADLIIGTFSMNLY,LWLALDYVASNASVMNLLLISF,AALMIGLAWLVSFVLWAPAILFW,IITFGTAMAAFYLPVTVMCTLYW,LSAILLAFILTWTPYNIMVLV,LGYWLCYVNSTINPMCYALC
109,P51678,WLLPPLYSLVFIIGLLGNMMVVLILI,LQIMTNIYLFNLAISDLLFLFTVPFWI,MLSGFYYLALYSEIFFIILLTI,VTFATITSIITWGLAGLAALPEFIF,FHALRMNIFGLALPLLIMVICYSGII,LIFVVMIVFFIFWTPYNLVLLFSAF,AMQVTEVIAYTHCCINPVIYAFVG
110,P32238,AVQILLYSLIFLLSVLGNTLVITVLI,IFLLSLAVSDLMLCLFCMPFNLIPNLL,TTTYFMGTSVSVSTFNLVAISL,ALKVIAATWCLSFTIMTPYPI,TFLLLILFLIPGIVMMVAYGLISL,MLIVIVVLFFLCWMPIFSANA,TPISFILLLSYTSSCVNPIIYCFM
111,P43115,FPITMLLTGFVGNALAMLLVSRSYR,IGWLALTDLVGQLLTTPVVIV,FFGLTMTVFGLSSLFIASAMAV,AVLLGVWLAVLAFALLPVLGVG,LFFASAFAFLGLLALTVTFSCNLATI,LMGIMCVLSVCWSPLLIMMLKMIF,FLIAVRLASLNQILDPWVYLLL
112,P30729,LVGGVLLIGMVLAGNSLVCVSVA,YFIVSLAAADLLLAVLVLPLFVY,TLMAMDVMLCTASIFNLCAISV,QLLLIAATWLLSAAVAAPVVCGLN,YVVYSSICSFFLPCPLMLLLYW,VLPVVVGAFLMCWTPFFVVHITR,PRLVSAVTWLGYVNSALNPIIYT
113,P48303,LTSVVFILICCLIILENIFVLL,FIGNLALSDLLAGVAYTANLLL,WFLREGSMFVALSASVFSLLAI,FLLISACWVISLILGGLPIMGW,LYHKHYILFCTTVFTLLLLSIVILYCRI,VIIVLSVFIACWAPLFILLLL,LYKAEYFLVLAVLNSGTNPII
114,P51683,WILPPLYSLVFIFGFVGNMLVIIILIGC,LLNLAISDLLFLLTLPFWAHY,VFTGLYHIGYFGGIFFIILLTI,VTFGVITSVVTWVVAVFASLPGIIF,NILSLILPLLVMVICYSGIL,LIFAIMIVYFLFWTPYNIVLFLTTF,AMQVTETLGMTHCCINPVIYAFVG
115,P69332,FLYGVVFLFGSIGNFLVIFTI,VYFINLAAADLLFVCTLPLWM,VPCTLLTACFYVAMFASLCFI,LFSIFWWIFAVIIAIPHFMVV,YPIILNVELMLGAFVIPLSVI,VLIAVVLVFIIFWLPYHLTLF,ILTESLAFCHCCLNPLLYVFV
116,Q8TDS4,LGLEFIFGLLGNGLALWIFCF,IFLFNLAVADFLLIICLPFLM,MLFMLAMNRQGSIIFLTVVAV,TAAIISCLLWGITIGLTVHLL,FLLEFFLPLGIILFCSARIIW,ITFIMVVAIVFVICFLPSVVV,LAFFITLSFTYMNSMLDPVVY
117,P08911,VITIAVVTAVVSLMTIVGNVLVMI,YYLLSLACADLIIGIFSMNLY,LWLALDYVASNASVMNLLVISF,AGIMIGLAWLVSFILWAPAILCW,TITFGTAIAAFYIPVSVMTILYC,LSAILLAFIITWTPYNIMVLV,LGYWLCYVNSTINPICYALC
118,P32745,GVLIPLVYLVVCVVGLLGNSLVIYVV,NVYILNLALADELFMLGLPFLA,RLVMAVDGINQFTSIFCLTVMS,TVSAAVWVASAVVVLPVVVF,FIIYTAALGFFGPLLVICLCYLLIVV,MVVAVVALFVLCWMPFYVLNIV,LYFLVVALPYANSCANPILYGFL
119,P21556,LFPIVYSIIFVLGIIANGYVLW,FMVNLTVADLLFLITLPLWI,LAGCLFFINTYCSVAFLGVITY,GIALSLVIWVAIVAAASYFLVM,LIIHICIVLGFFIVFLLILFC,VCTVLAVFVICFVPHHMVQLP,VTLCLLSTNCVLDPVIYCFL
120,Q9HB89,TYLLIFVVGAVGNGLTCLVIL,YLFSLAVSDLLVLLVGLPLEL,LLFEMVCLASVLNVTALSVERYV,LGAVWGLAMLCSLPNTSLHGI,ALLFFCLPMAIMSVLYLLIGL,VTKMLFVLVVVFGICWAPFHA,VISGIFFYLGSAANPVLYSLM
121,P51686,HFLPPLYWLVFIVGALGNSLVILVYW,FLLNLAIADLLFLVTLPFWAIAAA,VVNSMYKMNFYSCVLLIMCISVDRYIAIAQ,KRLLYSKMVCFTIWVLAAALCIPEIL,KLKSAVLTLKVILGFFLPFVVMACCYTIIIHTLIQ,KHKALKVTITVLTVFVLSQFPYNCILLVQTIDAYA,VSTNIDICFQVTQTIAFFHSCLNPVLYVFVG
122,P30940,LSGLALMTTTINCLVITAIIV,LICSLAVTDFLVAVLVMPFSIVY,LWLSVDIICCTCSILHLSAIA,GITITTVWVISVFISVPPLFW,IVSTIYSTFGAFYIPLVLILILY,AATTLGLILGAFVICWLPFFV,NFLAWLGYLNSLINPLIYTIF
123,P43088,FSVIFMTVGILSNSLAIAILMKA,ASGLVITDFFGHLINGAIAVF,IFGICMVFSGLCPLLLGSVMAI,KMMLSGVCLFAVFIALLPILGHR,RFYLLLFSFLGLLALGVSLLCNAITG,LLAIMCVSCICWSPFLV,TLFALRMATWNQILDPWVYILL
124,P47901,VEIGVLATVLVLATGGNLAVLLTL,FVLHLALTDLAVALFQVLPQLL,AVKYLQVLSMFASTYMLLAMTL,LLIAAPWLLAAIFSLPQVFIFS,WTTLAIFVLPVTMLTACYSLI,FVIVLAYIACWAPFFSVQMW,ISMLLGNLNSCCNPWIYMGF
125,Q63384,VLFTALYSLIFAFGTAGNALSVH,PGRLRYHVLSLALSALLLLLVSM,GYYFVRELCAYATVLSVASLSA,LLSLVWVASLGLALPMAVIMGQ,LPLALTAFLNGITVNHLMALY,VLRAIVAVYVICWLPYHARRL,YFYMVTNTLFYVSSAVTPILY
126,P21453,LTSVVFILICCFIILENIFVLL,FIGNLALSDLLAGVAYTANLLL,WFLREGSMFVALSASVFSLLAI,FLLISACWVISLILGGLPIMGW,LYHKHYILFCTTVFTLLLLSIVILYCRI,VIIVLSVFIACWAPLFILLLL,LFRAEYFLVLAVLNSGTNPII
127,Q16581,ILSMVILSLTFLLGLPGNGLVLW,TIWFLHLTLADLLCCLSLPFSLA,LIPSIIVLNMFASVFLLTAISL,CSICGCIWVVAFVMCIPVFVY,LVVGFLLPSVIMIACYSFIV,VAVVVVAVFLVCWTPYHIFGVLS,HVCIALASANSCFNPFLYALL
128,Q96P68,YLPVIYGIIFLVGFPGNAVVI,IIMLNLACTDLLYLTSLPFLI,LYSSILFLTCFSIFRYCVIIH,VACAVVWIISLVAVIPMTFLI,LTATTFCLPLVIVTLCYTTII,TILLLLAFYVCFLPFHILRVI,IVSRPLAALNTFGNLLLYVVV
129,Q63634,FLIGLYTFVSLLGFMGNLLIL,FLIGNLAFSDILVVLFCSPFT,PFLQCVSVLVSTLILISIAIV,YFLIATVWTLGFAICSPLPVF,IAFTISLLLVQYILPLVCLTV,LTILILVFAVSWMPLHVFHVV,CICHLLGMMSCCLNPILYGFL
130,Q9Z2J6,VSVLLHGLASLLGLVENGLILFV,TWVLHLALSDLLAAASLPFFTY,HSSVFFLNMFASGFLLSAISL,VAHRVCLMLWALAVLNTIPYFV,FLLAFMVPLAIIASSHVAVSL,VAAIVVAFVLCWGPYHIFSLLE,VTSLAFFNSVVNPLLYVFTC
131,Q9BXC0,LIVAFVLGALGNGVALCGFCF,STVYLFNLAVADFLLMICLPF,VGLFTLAMNRAGSIVFLTVVA,VAAGIVCTLWALVILGTVYLL,LEFFMPLGIILFCSFKIVWSL,FIMVVAIVFITCYLPSVSARL,ITLSFTYMNSMLDPLVYYFS
132,P29089,FVMIPTLYSIIFVVGIFGNSLVVIV,VFLLNLALADLCFLLTLPLWAVY,IASASVSFNLYASVFLLTCLSI,LVAKVTCIIIWLMAGLASLP,IGLGLTKNILGFVFPFLIILTS,IIMAIVLFFFFSWVPHQIFTFL,IADIVDTAMPITICIAYFNNC
133,P13945,AALAGALLALAVLATVGGNLLVIVAIA,NVFVTSLAAADLVMGLLVV,LWTSVDVLCVTASIETLCALAV,TAVVLVWVVSAAVSFAPIMSQWW,YVLLSSSVSFYLPLLVMLFVYA,TLGLIMGTFTLCWLPFFLANVL,AFLALNWLGYANSAFNPLIYC
134,P30875,AVLTFIYFVVCVVGLCGNTLVIYV,NIYILNLAIADELFMLGLPFLAMQV,MTVDGINQFTSIFCLTVMSI,INVAVWCVSLLVILPIMIYA,FIIYAFILGFLVPLTIICLCYL,VTRMVSIVVAVFIFCWLPFYIFNVS,ALKGMFDFVVILTYA
135,P30989,AVYLALFVVGTVGNTVTAFTL,YHLGSLALSDLLTLLLAMPV,GYYFLRDACTYATALNVASLSV,TKKFISAIWLASALLAVPMLF,VVIQVNTFMSFIFPMVVISVLNTII,VLRAVVIAFVVCWLPYHVRRLM,YFYMVTNALFYVSSTINPILY
136,P35367,LVVVLSTICLVTVGLNLLVLYAV,NLYIVSLSVADLIVGAVVMPM,FWLSMDYVASTASIFSVFILCI,ASATILGAWFLSFLWVIPILG,FKVMTAIINFYLPTLLMLWFY,LGFIMAAFILCWIPYFIFFMVI,MFTIWLGYINSTLNPLIYPL
137,P32304,VVIGSILTLITLLTIAGNCLVVISVCF,LIVSLALADLSVAVAVMPFVSVTDLI,VFIAMDVMCCTASIMTLCVISI,MAKMILSVWLLSASITLPPLFGWA,GYTIYSTAVAFYIPMSVMLFMYY,LGIIVGAFTVCWLPFFLLSTARPF,VERTCLWLGYANSLINPFIYAFF
138,O08858,RAVLVPVLYLLVCTVGLGGNTLVIYVVL,VYILNLAVADVLFMLGLPFLATQNAV,LVMTLDGINQFTSIFCLMVMSV,LASAAVWVFSLLMSLPLLVFA,GAAFITYTSVLGFFGPLLVICLCYL,RMVVVVVLVFVGCWLPFFIVNIVNLA,GLYFFVVVLSYANSCANPLLYGFLS
139,O02667,YIVFEIVIGVCAVVGNVLVIWVI,YFIFSLALADIAVGFLVMPLAIVI,VMSCLLLVFTHASIMSLLAIAV,IWLALGLCWVVSLLVGFTPMFG,VFFSFFTWILIPLLLMCALYV,LFLVLALFAGCWLPLSIINCVTYF,VVLLVGILLSHANSMMNPIVYAC
140,P30560,LEIAVLAVIFVVAVLGNSSVLLAL,FIRHLSLADLAVAFFQVLPQLC,VVKHLQVFAMFASAYMLVVMTA,LMIATSWVLSFILSTPQYFIFS,WMTSGVFVAPVVVLGTCYGFI,FVIVSAYILCWAPFFIVQMW,ITALLASLNSCCNPWIYMFF
141,Q99527,CLYTIFLFPIGFVGNILILVVN,YFINLAVADLILVADSLIEVFNLH,MSLFLQVNMYSSVFFLTWMSF,LSCGLIWMASVSATLVPFT,LGFIVPFAIIGLCYSL,MILAVVLVFFVCWLPENVFIS,HIVNLAAFSNSCLNPLIYSFL
142,Q62053,SPAISSVMFSAGVLGNLIALALLA,LFHVLVTELVLTDLLGTCLISPVVLA,FAFTMTFFSLATMLMLFAMAL,GGLAVLPVIYGASLLFCSLPLLNYG,LYATMLLLLIVAVLACNISVILNLI,LILLAIMTITFAICSLPFTIFAYM,ALRFLSVNSIIDPWVFAILRPPVL
143,P30557,FPITMMVTGFVGNALAMLLVSRSYR,IGWLALTDLVGQLLTSPVVIL,FFGLTMTVFGLSSLLVASAMAV,PVLLGVWLSVLAFALLPVLGVG,VAFASAFACLGLLALVVTFACNLATI,LMGIMCVLSVCWSPLLIMMLKMIF,FLIAVRLASLNQILDPWVYLLL
144,Q2AC31,VLGLIFVVSLLGNVCALVLVV,VLNLFCADLLFTSAIPLVLVV,WLLGPVVCHLLFYVMTMSGSV,ALLAFIWGYSALAALPLCILF,ISWDVFFVTLNFLVPGLVIVI,LMVSFFIMWSPIIITILLILI,LVIWPSLFFWVVAFTFANSAL
145,P70658,IFLPTIYFIIFLTGIVGNGLVILVM,LHLSVADLLFVITLPFWAVDAM,AVHIIYTVNLYSSVLILAFI,AVYVGVWIPALLLTIPDFIF,MVVFQFQHIMVGLILPGIVIL,VILILAFFACWLPYYVGISI,WISITEALAFFHCCLNPILY
146,P30680,AVLTFIYFVVCVVGLCGNTLVIYV,NIYILNLAIADELFMLGLPFLAMQV,MTVDGINQFTSIFCLTVMSI,INVAVWGVSLLVILPIMIYA,FIIYAFILGFLVPLTIICLCYL,VTRMVSIVVAVFIFCWLPFYIFNVS,ALKGMFDFVVILTYA
147,P35406,VLTGCFLSVLILSTLLGNTLV,FFVISLAVSDLLVAVLVMPW,IWVAFDIMCSTASILNLCVISV,VAFVMISGAWTLSVLISFIPVQLKW,YAISSSLISFYIPVAIMIVTYTQIY,LSVIMGVFVCCWLPFFILNCMVPFCK,FDVFVWFGWANSSLNPIIYA
148,P30939,LSGLALMTTTINSLVIAAIIV,LICSLAVTDFLVAVLVMPFSIVY,IWLSVDITCCTCSILHLSAIA,GIMITIVWIISVFISMPPLFW,IVSTIYSTFGAFYIPLALILILY,AATTLGLILGAFVICWLPFFV,NFLAWLGYLNSLINPLIYTIF
149,P32239,ITLYAVIFLMSVGGNMLIIVVL,VTNAFLLSLAVSDLLLAVACMP,YLMGVSVSVSTLSLVAIAL,AARVIVATWLLSGLLMVPY,VLLLLLLFFIPGVVMAVAYGLIS,MLLVIVVLFFLCWLPVYSANTW,FIHLLSYASACVNPLVYCFMH
150,P41595,AALLILMVIIPTIGGNTLVILAV,YFLMSLAVADLLVGLFVMPIALL,AWLFLDVLFSTASIMHLCAISV,AFIKITVVWLISIGIAIPVPI,FMLFGSLAAFFTPLAIMIVTYFL,VLGIVFFLFLLMWCPFFITNI,LLEIFVWIGYVSSGVNPLVYTL
151,Q8NFJ6,VIGIALAGIMLVCGIGNFVFI,LLIANLAISDFLVAIICCPFE,VSLYVSTNALLAIAIDRYLAI,FLIALVWMVSILIAIPSAYFA,FLFIFGVEFVGPVVTMTLCYA,VLVLMCILTAYVLCWAPFYGF,AFYVVECIAMSNSMINTVCFV
152,P30966,VLVLTLLGFLAAATFTWNLLVLA,VASMAISDVLVAVLVMPLSLV,LWIACDVLCCTASIWNVTAIAL,NVMILLTWALSTVISLAPLLFGW,SYTVFSTVGAFYLPLCVVLFV,AALMVGILIGVFVLCWFPFFV,SIFLWLGYSNSFFNPLIYTAF
153,P07550,GMGIVMSLIVLAIVFGNVLVITAI,ITSLACADLVMGLAVVPFGAAHIL,EFWTSIDVLCVTASIETLCVIAV,RVIILMVWIVSGLTSFLPIQMHWY,QAYAIASSIVSFYVPLVIMVFVYS,LGIIMGTFTLCWLPFFIVNIVHVI,EVYILLNWIGYVNSGFNPLIYCRS
154,P42866,TAITIMALYSIVCVVGLFGNFLVMY,IYIFNLALADALATSTLPFQSVNYL,KIVISIDYYNMFTSIFTLCTMSV,AKIVNVCNWILSSAIGLPVMFM,ENLLKICVFIFAFIMPVLIITVCYG,ITRMVLVVVAVFIVCWTPIHIYVIIKA,FQTVSWHFCIALGYTNSCLNPVLY
155,Q969V1,MIGIICSTGLVGNILIVFTII,IYICNLAVADLVHIVGMPFLI,LCTIITSLDTCNQFACSAIMTVMSV,LGLWAASFILALPVWVYSKVI,LTITTFFFPLPLILVCYILIL,VLVLVVVFILSAAPYHVIQLV,YLSICLSYASSSINPFLYILL
156,P30098,VALWSLAYGAVVAVAVLGNLVVI,TVTNSFLVNLAFADAAMAALNA,FQNFFPITAVFASIYSMTAIAV,IVIGSIWILAFLLAFPQCLYS,TYHMIVIVLVYCFPLLIMGITYTIV,MMIIVVVTFAICWLPYHIYFIL,QQVYLASFWLAMSSTMYNPIIYCCL
157,P25104,FIMIPTLYSIIFVVGIFGNSLVVIV,VFLLNLALADLCFLLTLPLWAVY,IASASVSFNLYASVFLLTCLSI,LVAKVTCIIIWLLAGLASLP,VGLGLTKNILGFLFPFLIILTS,IILAIVLFFFFSWVPHQIFTFM,IEDIVDTAMPITICLAYFNNC
158,P70263,MGAVLFGAGLLGNLLALVLLA,VFYVLVCGLTVTDLLGKCLIS,FAFLMSFFGLASTLQLLAMAV,LVAPVVAAFCLAFCALPFAGF,VIGFSVLYSSLMALLVLATVV,HFVLLALMTVLFTMCSLPLIY,FLSVISIVDPWIFIIFRTSVF
159,P34980,FPITMMVTGFVGNALAMLLVVRSYR,IGWLALTDLVGQLLTSPVVIL,FFGLTMTVFGLSSLLVASAMAV,PVLLGVWLSVLAFALLPVLGVG,VAFASAFACLGLLALVVTFACNLATI,LMGIMCVLSVCWSPLLIMMLKMIF,FLIAVRLASLNQILDPWVYLLL
160,P28223,WSALLTAVVIILTIAGNILVIMAV,YFLMSLAIADMLLGFLVMPVSM,AVWIYLDVLFSTASIMHLCAISL,AFLKIIAVWTISVGISMPIPVFGL,FVLIGSFVSFFIPLTIMVITY,LGIVFFLFVVMWCPFFITNIMA,NVFVWIGYLSSAVNPLVYTLFN
161,P70174,LVVVLSSISLVTVGLNLLVLYAV,NLYIVSLSVADLIVGAVVMPM,FWLSMDYVASTASIFSVFILCI,ASATILGAWFLSFLWVIPILG,FKIMTAIINFYLPTLLMLWFY,LGCIMAAFILCWIPYFIFFMVI,MFTIWLGYINSTLNPLIYPL
162,P08172,VVFIVLVAGSLSLVTIIGNILVM,YFLFSLACADLIIGVFSMNLY,LWLALDYVVSNASVMNLLIISF,AGMMIAAAWVLSFILWAPAILFW,AVTFGTAIAAFYLPVIIMTVLYWHI,TILAILLAFIITWAPYNVMVLIN,NTVWTIGYWLCYINSTINPACYAL
163,P28566,MLICMTLVVITTLTTLLNLAVIMAI,LICSLAVTDLLVAVLVMPLSIIY,VWLSVDMTCCTCSILHLCVIAL,AALMILTVWTISIFISMPPLF,VIYTIYSTLGAFYIPLTLILILY,ILGLILGAFILSWLPFFIKELIV,VADFLTWLGYVNSLINPLLYTSF
164,P49651,YYLPAVYILVFIIGFLGNSVAIW,VYMFNLALADFLYVLTLPALIF,LQRFIFHVNLYGSILFLTCISA,NAIYVSVLVWLIVVVAISPILF,FIYSMCTTVAMFCIPLVLILGCY,LVIIVLTVFAVSYIPFHVMKTMNL,ATYQVTRGLASLNSCVDPILYF
165,O70528,VVLLTFLSAVILMAILGNLLV,IVSLAFADLLVSVLVMPFGAI,LVRTSLDVLLTTASIFHLCCISL,IALMLGGCWVIPMFISFLPIM,AITCSVVAFYIPFLLMVLAYY,LCIIMGCFCLCWAPFFVTNIV,TAFLWLGYINSGLNPFLYAFL
166,P34972,TAVAVLCTLLGLLSALENVAVLYLIL,FIGSLAGADFLASVVFACSFV,VFLLKIGSVTMTFTASVGSLLLTAI,ALVTLGIMWVLSALVSYLPLMGW,DYLLSWLLFIAFLFSGIIYTYGHVLW,LGLVLAVLLICWFPVLALMAH,AFAFCSMLCLINSMVNPVIYAL
167,P18089,AAIAAAITFLILFTIFGNALVILAVL,LFLVSLAAADILVATLIIPFS,VYLALDVLFCTSSIVHLCAIS,IKCIILTVWLIAAVISLPPLI,ILASSIGSFFAPCLIMILVYL,FTFVLAVVIGVFVLCWFPFFF,GLFQFFFWIGYCNSSLNPVIY
168,P35377,GLKVTIVGLYLAVCIGGLLGNCLVMY,IYIFNLALADTLVLLTLPFQGT,TVIAIDYYNMFTSTFTLTAMSV,KAQAVNVAIWALASVVGVPVAIM,GPVFAICIFLFSFIIPVLIISVCYS,VLVVVAVFVGCWTPVQVFVLV,LRFCTALGYVNSCLNPILYAFL
169,P24053,IRCVIPSLYLIIISVGLLGNIMLV,IFISNLAAGDLLLLLTCVPV,LIPAIQLTSVGVSVFTLTALSA,VLWTSLKAVGIWVVSVLLAVP,HSVLIFLVYFLIPLVIISIYYYHI,IVLVFVGCFVFCWFPNHILYL,LGHMIVTLVARVLSFSNSCVNPFALYLL
170,P41144,IPVIITAVYSVVFVVGLVGNSLVMFVII,IYIFNLALADALVTTTMPFQSTVY,IVISIDYYNMFTSIFTLTMMSV,KAKIINICIWLLSSSVGISAIIL,DLFMKICVFVFAFVIPVLIIIVCYT,LVLVVVAVFIICWTPIHIFILV,YYFCIALGYTNSSLNPILYAFL
171,P08483,VVFIAFLTGFLALVTIIGNILVIV,YFLLSLACADLIIGVISMNLFTTYII,LWLSIDYVASNASVMNLLVISF,AGVMIGLAWVISFVLWAPAILF,TITFGTAIAAFYMPVTIMTILYW,TLSAILLAFIITWTPYNIMVLVN,NLGYWLCYINSTVNPVCYAL
172,Q61224,ISLVVVLSVITLATVLSNAFVLTTIL,LIGSLATTDLLVSILVMPISIAY,IWVSSDITCCTASILHLCVIAL,AAAMIAAVWIISICISIPPLFW,ISYTIYSTCGAFYIPSILLIILY,LGIILGAFIICWLPFFVVSLVLPI,ALFDFFTWLGYLNSLINPVIYTVFN
173,P35363,WSALLTTVVIILTIAGNILVIMAV,YFLMSLAIADMLLGFLVMPVSM,AVWIYLDVLFSTASIMHLCAISL,AFLKIIAVWTISVGISMPIPVFGL,FVLIGSFVAFFIPLTIMVITY,LGIVFFLFVVMWCPFFITNIMA,NVFVWIGYLSSAVNPLVYTLFN
174,Q8TDU6,LSLALASLIITANLLLALGIA,GCFFLSLLLAGLLTGLALPTL,LLVYLAPNFSFLSLLANLLLV,LALLLTWAGPLLFASLPALGW,LYLEVYGLLLPAVGAAAFLSV,AMLLFGLCWGPYVATLLLSVL,LLSLLSLGSASAAAVPVAMGL
175,Q7TQN9,VAGIIPVIYYSVLLSLGLPVA,LLALTASDIVTQVIIVFVGFL,ANILEFAANHASVWIAVLFTV,IAAVIGVTLLTGIPFYWWLDV,CLIVYFIPCNVFLVTNSAIIL,ILLGVTSLFALLWAPRIIVML,IANMLAMLNTEVNFGLYCFIS
176,Q96G91,FLWPILVVEFLVAVASNGLAL,VVFSVQLAVSDLLCALTLPPL,VIFITCISLNRYLGIVHPFFA,WAVSAAGWVLAALLAMPTLSF,LVLAGLGCGLPLLLTLAAYGA,VAALVASGVALYASSYVPYHI,LMPLAFCVHPLLYMAAVPSLG
177,Q3BCU0,FIISICSFGLLGNLFVLLVFL,IYLANLAASDLVFVLGLPFWA,VINGIIKANLFISIFLVVAIS,RVTCVLIWVVGGLLSIPTFLL,ILAFLLPLAAIIFFNYHILAS,ILTLVVAFLVCWAPYHFFAFL,LANFLAFTNSSLNPVIYVFAG
178,O55040,FVPICVTYLLIFVVGTLGNGL,FYLFSLAVSDMLVLLVGLPLE,ILLLETVCLASVLNVTALSVE,VGAIWVLATLFSLPNTSLHGL,ALLFFCLPMVTISVLYLLIGL,VTKMLFALVVVFGICWAPFHA,IASGIFFYLGSAANPVLYSLM
179,Q6W5P4,LITLWVLFVFTIVGNSVVLFS,MTFFVTQLAITDSFTGLVNIL,VRYLQVVLLYASTYVLVSLSI,VLIVIAWSLSFLFSIPTLIIF,IVAFLVYFIPLTIISIMYGIV,SIIIILAFICCWSPYFLFDIL,VIIQNLPALNSAINPLIYCVF
180,P21462,ITYLVFAVTFVLGVLGNGLVIWV,ISYLNLAVADFCFTSTLPFFMV,VFTIVDINLFGSVFLIALIAL,LAKKVIIGPWVMALLLTLPVII,FIIGFSAPMSIVAVSYGLIAT,LSFVAAAFFLCWSPYQVVALIATV,TSALAFFNSCLNPMLYVFMG
181,P16235,YAFLRVLIWLINILAIFGNLTVLFVLLT,FLMCNLSFADFCMGLYLLLIASV,GAAGFFTVFASELSVYTLTVITL,AIPIMLGGWLFSTLIATMPLVGI,VYILSILILNVVAFVVICACYI,MAILIFTDFTCMAPISFFAISAAF,ILLVLFYPVNSCANPFLYAIFT
182,O08530,LTSVVFILICCFIILENIFVLL,FIGNLALSDLLAGVAYTANLLL,WFLREGSMFVALSASVFSLLAI,FLLISACWVISLILGGLPIMGW,LYHKHYILFCTTVFTLLLLSIVILYCRI,VIIVLSVFIACWAPLFILLLL,LYKAEYFLVLAVLNSGTNPII
183,P30547,IVLWAAAYTVIVVTSVVGNVVVM,TVTNYFLVNLAFAEASMAAFNT,FHNFFPIAAVFASIYSMTAVAF,VVICVIWVLALLLAFPQGYYS,VYHICVTVLIYFLPLLVIGYAYTVV,MMIVVVCTFAICWLPFHIFFLL,QQVYLAIMWLAMSSTMYNPIIYCCL
184,Q8CIP3,FLVLITTLVGLAGNTIVLWLL,ISVYILNLALADSFFLCCHFI,ILGNAAIIPYISGLSILSAIS,SAIICALIWVLSFLMGILDWF,FIITAFLIFLFMLLSGSSLAL,VMVYLICGLPLGLYLFLLYWF,VTAVLSCVNSSANPIIYFLVG
185,P26255,AALAGALLALATVGGNLLVITAIA,NVFVTSLATADLVVGLLVM,LWTSVDVLCVTASIETLCALAV,AAVVLVWIVSATVSFAPIMSQWW,YALLSSSVSFYLPLLVMLFVYA,TLGLIMGIFSLCWLPFFLANVL,VFIALNWLGYANSAFNPLIYC
186,P04274,GMAILMSVIVLAIVFGNVLVITAI,ITSLACADLVMGLAVVPFGASHIL,EFWTSIDVLCVTASIETLCVIAV,RMVILMVWIVSGLTSFLPIQMHWY,QAYAIASSIVSFYVPLVVMVFVYS,LGIIMGTFTLCWLPFFIVNIVHVI,EVYILLNWLGYVNSAFNPLIYCRS
187,Q61616,ILTACFLSLLILSTLLGNTLVCAAVI,FFVISLAVSDLLVAVLVMPWKAVAEIA,NIWVAFDIMCSTASILNLCVISV,AAFILISVAWTLSVLISFIPVQLSW,TYAISSSLISFYIPVAIMIVTYTSIY,TLSVIMGVFVCCWLPFFISNCMVPFCG,FDVFVWFGWANSSLNPIIYAFNADF
188,P46616,VYITVELVIAVLAILGNVLVCWAVW,YFVVSLAAADIAVGVLAIPFAITI,LFFACFVLVLTQSSIFSLLTITI,AKGIIAICWVLSFAIGLTPMLGW,MNYMVYYNFFAFVLVPLLLMLGIYL,LAIIVGLFALCCLPLNIINCFTFF,PWLMYLTIILSHGNSVVNPLIYAY
189,P41149,IAVEVFLTLGLVSLLENILVIGAI,FVGSLAVADMLVSMSNAWETVTIY,DNVFDSMICISVVASMCSLLAIAV,ARRSGVIIACIWTFCISCGIVFII,IICLISMFFTMLFFMVSLYIHMFLL,LTMLLGIFIVCWSPFFLHLILMISCP,MSYFNMYLILIMCNSVIDPLIYAL
190,P25116,LFVPSVYTGVFVVSLPLNIMAIVVFI,VVYMLHLATADVLFVSVLPF,FVTAAFYCNMYASILLMTVISI,ASFTCLAIWALAIAGVVPLLL,YYFSAFSAVFFFVPLIISTV,LFLSAAVFCIFIICFGPTNVLLI,FAYLLCVCVSSISCCIDPLIYYYA
191,P35375,LPIFSMTLGAVSNVLALALLAQV,SLLAIDLAGHVIPGALVLR,FLGGCMVFFGLCPLLLGCGMAV,LALAVLAAMALAVALLPLVHVG,ALLAGLFAGLGLAALLAALVCNTLSG,LVGIMVVSCICWSPLLVLVVLA,LAVRLASWNQILDPWVYILL
192,P47748,GLKVTIVGLYLAVCIGGLLGNCLVMY,IYIFNLALADTLVLLTLPFQAT,TVIAIDYYNMFTSTFTLTAMSV,KAQAVNVAIWALALVVGVPVAIM,GPVFAVSIFLFSFIIPVLIISVCYS,VLVVVAVFVGCWTPVQVFVLV,LRFCTALGYVNSCLNPILYAFL
193,P32247,PGIEALCAIYITYAVIISVGIL,NIFITSLAFGDLLLLLTCVPV,VLSFIRLTSVGVSVFTLTILSA,TCVKAGCVWIVSMIFALPEAI,CFLVFYIIPLSIISVYYSLIA,VLVLVALFALCWLPNHLLYLY,FSRVLAFSNSCVNPFALYWL
194,P35463,YINTVVSCLVFVLGIIGNSTLLRII,ILIASLALGDLLHIIIDIPINVYKLL,LVPFIQKASVGITVLSLCALSI,AVEIVLIWVVSVVLAVPEALGFDMI,AKDWWLFSFYFCLPLAITAFFYTLM,VFCLVLVFALCWLPLHLSRILKLTLY,FLLVLDYIGINMASLNSCINPIALYLV
195,P35364,VLVLTLLGFLAAATFTWNLLVLA,VASMAISDVLVAVLVMPLSLV,LWIACDVLCCTASIWNVTAIAL,NVMILLTWALSAVISLAPLLFGW,SYTVFSTVGAFYLPLCVVLFV,AALMVGILIGVFVLCWFPFFV,SIFLWLGYSNSFFNPLIYTAF
196,P35372,TAITIMALYSIVCVVGLFGNFLVMY,IYIFNLALADALATSTLPFQSVNYL,KIVISIDYYNMFTSIFTLCTMSV,AKIINVCNWILSSAIGLPVMFM,ENLLKICVFIFAFIMPVLIITVCYG,ITRMVLVVVAVFIVCWTPIHIYVIIKA,FQTVSWHFCIALGYTNSCLNPVLY
197,Q91ZY1,FLMSLLAFAITIGNAVVILAF,FFLNLAISDFFVGVISIPLYI,MFWLITDYLLCTASVYSIVLI,IVAQMVAVWILAFLVNGPMIL,YILAITAFLEFLLPVSLVVYF,LAVLLSAFAICWAPYCLFTIV,IAFWLQWFNSLINPFLYPLCH
198,P32248,FLPIMYSIICFVGLLGNGLVVLTYIYF,YLLNLAVADILFLLTLPFWAY,LIFAIYKMSFFSGMLLLLCISI,VLLISKLSCVGIWILATVLSI,FITIQVAQMVIGFLVPLLAMSFCYLVII,VIIAVVVVFIVFQLPYNGVVLAQTVA,LACVRCCVNPFLYAFIGV
199,P49682,AFLPALYSLLFLLGLLGNGAVAAVLLS,TFLLHLAVADTLLVLTLPLWA,VAGALFNINFYAGALLLACISF,LTCLAVWGLCLLFALPDFIF,TALRVLQLVAGFLLPLLVMAY,LVVVVVVAFALCWTPYHLVVLV,AKSVTSGLGYMHCCLNPLLYAFV
200,P20395,VLIWFISILAITGNTTVLVVL,FLMCNLAFADLCIGIYLLLIASV,AAGFFTVFASELSVYTLTAITL,AASVMVLGWTFAFAAALFPIFGI,LYVMALLVLNVLAFVVICGCYT,MATLIFTDFLCMAPISFFAISASL,ILLVLFYPINSCANPFLYAIFT
201,P48039,LACVLIFTIVVDILGNLLVIL,IFVVSLAVADLVVAIYPYPLV,SGFLMGLSVIGSIFNITGIAI,NSLCYVLLIWLLTLAAVLPNL,TIAVVVFHFLVPMIIVIFCYL,FVVFVLFAICWAPLNFIGLAV,WLFVASYYMAYFNSCLNAIIY
202,P47752,VASAFIIILCCAIVVENLLVLIAVA,AMYLFLGNLAASDLLAGVAFVANTLLSGP,GSAFITLSASVFSLLAIAI,MLMLIGASWLISLILGGLPILGWNCL,YVLCVVTIFSVILLAIVALYV,TVTIVLGVFIICWLPAFSILLL,YFFAFATLNSLLNPVIYTWRS
203,Q00788,AELALLSTIFVAVALSNGLVLGALI,ISHLCLADLAVALFQVLPQLA,AVKYLQMVGMYASSYMILAMTL,VLVAWAFSLLLSLPQLFIFAQ,GLRAYVTWIALMVFVAPALG,MTLVIVIVYVLCWAPFFLVQLW,LLMLLASLNSCTNPWIYASF
204,Q9GZQ4,VVYVPIFVVGVIGNVLVCLVI,YLFSLAVSDLLVLLLGMPLEV,ALFETVCFASILSITTVSVERYV,ILGIVWGFSVLFSLPNTSIHG,FIIQVTSFLFYLLPMTVISVL,VNKMLFVLVLVFAICWAPFHI,AAVFNLVHVVSGVFFYLSSAV
205,O14804,LVIYLACAAGMLIIVLGNVFV,FLLLSLALADMFLGLLVLPLS,HTYLDTLFCLTSIFHLCFISI,ILAGWGVPAAYTSLFLYTDVV,FPLFFVPCLIMISLYVKIFVV,LGIAVGIYLLCWLPFTIDTMV,LVFDIFIWFAYFNSACNPIIYVF
206,Q6DWJ6,VVYYSLLLCLGLPANILTVII,LLALAAADILVLFFIVFVDFL,IIEVLEFSSIHTSIWITVPLT,IVSVYITCFLTSIPYYWWPNI,VLIWIHCFTVYLVPCSIFFIL,ILFTITSIFATLWAPRIIMIL,IANMLALLNTAINFFLYCFIS
207,P30935,ILISLVYLVVCVVGLLGNSLVIYVVL,VYILNLALADELFMLGLPFLAA,LVMAVDGINQFTSIFCLTVMSV,TVSAAVWVASAVVVLPVVVF,FIIYTAALGFFGPLLVICLCYLLIVV,MVVAVVALFVLCWMPFYLLNIV,LYFLVVALPYANSCANPILYGFL
208,P46095,WDVLLCVSGTVIAGENALVV,MFVLVGSLATADLLAGCGLILHFV,LTVGFLVASFAASVSSLLAITV,HLLLAATWTVSLGLGLLPVL,SAAFFMVFGIMLHLYVRIC,VGTLAVVLGTFGASWLPFAIYCVVGSH,YTYATLLPATYNSMINPIIYAF
209,P31388,VVIVLTAAANSLLIVLICTQPAL,LVSLFTSDLMVGLVVMPPAML,LWTAFDVMCCSASILNLCLISL,ALILGAWSLAALASFLPLLLGW,SLPFVLVASGVTFFLPSGAICFTY,ASLTLGILLGMFFVTWLPFFVANIA,CISPGLFDVLTWLGYCNSTMNPIIY
210,P41146,GLKVTIVGLYLAVCVGGLLGNCLVMY,IYIFNLALADTLVLLTLPFQGT,TVIAIDYYNMFTSTFTLTAMSV,KAQAVNVAIWALASVVGVPVAIM,GPVFAICIFLFSFIVPVLVISVCYS,VLVVVAVFVGCWTPVQVFVLA,LRFCTALGYVNSCLNPILYAFL
211,P08173,MVFIATVTGSLSLVTVVGNILVM,YFLFSLACADLIIGAFSMNLY,LWLALDYVVSNASVMNLLIISF,AGLMIAAAWVLSFVLWAPAILFW,AVTFGTAIAAFYLPVVIMTVLYI,IFAILLAFILTWTPYNVMVLV,IGYWLCYVNSTINPACYALC
212,Q9HC97,AYLGVLLVLGLLLNSLALWVF,IYMTNLAVADLCLLCTLPFVL,LSQGIYLTNRYMSISLVTAIAV,VCAVLWVLVIGSLVARWLLGI,FPLLGFYLPLAVVVFCSLKVV,VWANLLVFVVCFLPLHVGLTV,YITSKLSDANCCLDAICYYYM
213,P30968,VTVTFFLFLLSATFNASFLL,LLLKHLTLANLLETLIVMPL,VLSYLKLFSMYAPAFMMVVISL,ILSSVFAGPQLYIFRMIHLA,FFTFSCLFIIPLFIMLICNA,PYYVLGIWYWFDPEMLNRL,FFFLFAFLNPCFDPLIYGYF
214,P46636,VLLVALLALITLATTLSNAFVIATVY,NYLIASLAVTDLLVSILVMPVSTMYT,FWLSSDITCCTASIMHLCVIAL,AAIMIALVWVFSISISLPPFFW,VLYTVYSTGGAFYLPTLLLIALY,LGIILGAFIVCWLPFFIISLV,TLDFFNWLGYLNSLINPIIYTM
215,P25095,FVMIPTLYSIIFVVGIFGNSLVVIV,VFLLNLALADLCFLLTLPLWAVY,IASASVSFNLYASVFLLTCLSI,LVAKVTCIIIWLMAGLASLP,IGLGLTKNILGFLFPFLIILTS,IIMAIVLFFFFSWVPHQIFTFL,ISDIVDTAMPITICIAYFNNC
216,P51675,GLLPPLYSLVFIIGVVGNVLVILVLM,LQSMTSIYLFNLAVSDLVFLFTLPFWI,LLSGFYYLGLYSEIFFIILLTI,VTFGIITSIITWALAILASMPALYF,FQALKLNLLGLILPLLVMIICYAGII,LIFAITLLFFLLWTPYNLSVFVSAF,AMQVTEVIAYTHCCVNPIIYVFVG
217,O02824,AILLGVILGGLILFGVLGNILVILSV,YIVNLAVADLLLTSTVLPFSAIFEIL,NIWAAVDVLCCTASIISLCVISI,LRALLCVWAFSLVISVGPLFGWRQP,PGYVLFSALGSFYVPLTIILAMYC,TLGIVVGCFVLCWLPFFLVMPIGSF,ETVFKIVFWLGYLNSCINPIIYPCS
218,P41143,LAIAITALYSAVCAVGLLGNVLVMFGIV,IYIFNLALADALATSTLPFQSAKYL,AVLSIDYYNMFTSIFTLTMMSV,KAKLINICIWVLASGVGVPIMVM,WYWDTVTKICVFLFAFVVPILIITVCYGLMLL,MVLVVVGAFVVCWAPIHIFVIVW,LHLCIALGYANSSLNPVLYAFL
219,P18825,AGLAAVVGFLIVFTVVGNVLVVIAV,FLVSLASADILVATLVMPFSLANELM,GVYLALDVLFCTSSIVHLCAISL,KATIVAVWLISAVISFPPLVSLY,TWYILSSCIGSFFAPCLIMGLVYA,FTFVLAVVMGVFVLCWFPFFFSYSLYGI,FFFWIGYCNSSLNPVIYTVFN
220,P19020,ALSYCALILAIIFGNGLVCAAVL,YLVVSLAVADLLVATLVMPWVVY,VFVTLDVMMCTASILNLCAISI,VALMITAVWVLAFAVSCPLLF,FVIYSSVVSFYVPFGVTVLVYA,MVVIVLGAFIVCWLPFFLTHVL,ATTWLGYVNSALNPVIYTTF
221,P08909,QNWPALSIVVIIIMTIGGNILVIMAV,YFLMSLAIADMLVGLLVMPLS,PVWISLDVLFSTASIMHLCAISL,AIMKIAIVWAISIGVSVPIPVIG,FVLIGSFVAFFIPLTIMVITYF,VLGIVFFVFLIMWCPFFITNIL,LLNVFVWIGYVCSGINPLVYTLF
222,P10980,VVFIVLVAGSLSLVTIIGNILVM,YFLFSLACADLIIGVFSMNLY,LWLALDYVVSNASVMNLLIISF,AGMMIAAAWVLSFILWAPAILFW,AVTFGTAIAAFYLPVIIMTVLYWHI,TILAILLAFIITWAPYNVMVLIN,NTVWTIGYWLCYINSTINPACYAL
223,O70526,APFLWVLFVLAVLENIFVLSVFFL,IYLGNLAVADLILAFGLPFWAITIA,MVNTMIQMNMYSSICFLMLVSI,LYSLVIWGCALLLSSPMLVFRTM,VFTNVLLNLVGFLLPLSIITFCTVQIM,ATVLVLAVLLLFVVCWLPFQIGTFL,LITQISSYLAYSNSCLNPLVYVIV
224,O08786,AVQILLYSFIFLLSVLGNTLVITVLI,IFLLSLAVSDLMLCLFCMPFNLIPNLL,TTTYFMGTSVSVSTFNLVAISL,ALKVIAATWCLSFTIMTPYPI,TFLLLILFLIPGVVMVVAYGLISL,MLIVIVVLFFLCWMPIFSANA,TPISFILLLSYTSSCVNPIIYCFM
225,Q80T02,LSLVLASLIVIANLLLALGIV,GCFFLSLLLAGLLTGLALPTL,LLLHLAPNFCFLSLLANLLLV,LALFLTWISSLLFASLPALGW,AIFPAPYLYLEVYGLLLPAVG,LLFLLCWGPYVATLLLSVLAY,LLSLISLGSASAAVVPVAMGL
226,P18130,LLGVILGGLILFGVLGNILVILSV,IVNLAVADLLLTSTVLPFSAIFEI,NVWAAVDVLCCTASIMGLCIISI,LMALLCVWALSLVISIGPLFGWRQ,PGYVLFSALGSFYVPLTIILVMYC,LGIVVGCFVLCWLPFFLVMPIGSF,TVFKIAFWLGYLNSCINPIIYPCS
227,O43193,GALVPVTAVCLCLFVVGVSGN,LYLGSMAVSDLLILLGLPFD,LSLYVGEGCTYATLLHMTALSV,LIAVLWAVALLSAGPFLFLVG,VMLWVTTAYFFLPFLCLSILYGLI,VLLVVVLAFIICWLPFHVGRII,YFNIVALQLFYLSASINPILYNLI
228,Q5DUB1,IVLWAAAYTVIVVTSVVGNVVVM,TVTNYFLVNLAFAEASMAAFNT,FHNFFPIAAVFASIYSMTAVAF,VVIFVIWVLALLLAFPQGYYS,AYHICVTVLIYFLPLLVIGYAYTVV,MMIVVVCTFAICWLPFHVFFLL,QQVYLAIMWLAMSSTMYNPIIYCCL
229,Q8HZ64,LYSLMALIILTTLVGNLIVIV,WLIHSMATVDFLLGCLVMPYS,HTSTDIMLSSASIFHLSFISI,ILVVCVMIFISWSVPAVFAFG,ISGVLAFMTSFYIPGSIMLCI,LGIVMGVFLICWCPFFVCTVI,VLIWFGYLNSTFNPMVYAFFY
230,O14842,FGLYVAAFALGFPLNVLAIRGAT,LVYALNLGCSDLLLTVSLPLKAV,PVFAVAHFFPLYAGGGFLAALS,YSWGVCAAIWALVLCHLGLVF,AGPARFSLSLLLFFLPLAITAF,WVAGGALLTLLLCVGPYNASNVASF,WRKLGLITGAWSVVLNPLVTGYL
231,P21451,YINTIVSCLVFVLGIIGNSTLLRII,ILIASLALGDLLHIIIDIPINAYKLL,LVPFIQKASVGITVLSLCALSI,AVEIVLIWVVSVVLAVPEAIGFDVI,AKDWWLFSFYFCLPLAITAIFYTLM,VFCLVLVFALCWLPLHLSRILKLTLY,FLLVLDYIGINMASLNSCINPIALYLV
232,P50129,WSALLTAVVIILTIAGNILVIMAV,YFLMSLAIADMLLGFLVMPVSM,AVWIYLDVLFSTASIMHLCAISL,AFLKIIAVWTISVGISMPIPVFGL,FVLIGSFVSFFIPLTIMVITY,LGIVFFLFVVMWCPFFITNIMA,NVFVWIGYLSSAVNPLVYTLFN
233,Q9EPX4,FPLLYTVLFFAGLITNSLAMRIF,FLKNTVISDLLMILTFPFKIL,QVTSVTFYFTMYISISFLGLI,ILSVAIWAFMFLLSLPNMIL,WHEIVNYICQVIFWINFLIVIV,VNIKVFIIIAVFFICFVPFHFARIPY,VKESTLWLTSLNACLDPFIY
234,P34981,ILLVLIICGLGIVGNIMVVLVVM,CYLVSLAVADLMVLVAAGLPNI,CITYLQYLGINASSCSITAFTI,IIIFVWAFTSLYCMLWFFLLDLNI,MDFGVFYVVPMILATVLYGFIA,MLAVVVILFALLWMPYRTLVVV,QENWFLLFCRICIYLNSAINPVI
235,P10608,GMAILMSVIVLAIVFGNVLVITAI,ITSLACADLVMGLAVVPFGASHIL,EFWTSIDVLCVTASIETLCVIAV,RVVILMVWIVSGLTSFLPIQMHWY,QAYAIASSIVSFYVPLVVMVFVYS,LGIIMGTFTLCWLPFFIVNIVHVI,EVYILLNWLGYVNSAFNPLIYCRS
236,P05363,LALWTAAYLALVLVAVMGNATVIW,YFIVNLALADLCMAAFNAAFN,FQNLFPITAMFVSIYSMTAIAA,AVIAGIWLVALALAFPQCFYS,YHLIVIALIYFLPLVVMFVAYS,MVLVVVTFAICWLPYHLYFIL,ALFWLAMSSTMYNPIIYCCL
237,Q02152,AALLILAVIIPTIGGNILVILAV,YFLMSLAIADLLVGLFVMPIALL,AWLFLDVLFSTASIMHLCAISL,AFIKITVVWLISIGIAIPVPI,FMVFGSLAAFFAPLTIMVVTYFL,ALGVVFFLFLLMWCPFFITNL,LLEIFVWIGYVSSGVNPLIYTL
238,P06199,VVFIVLVAGSLSLVTIIGNILVM,YFLFSLACADLIIGVFSMNLY,LWLALDYVVSNASVMNLLIISF,AGMMIAAAWVLSFILWAPAILFW,AVTFGTAIAAFYLPVIIMTVLYWHI,TILAILLAFIITWAPYNVMVLIN,NTVWTIGYWLCYINSTINPACYAL
239,P43140,LLGVILGGLIIFGVLGNILVILSV,IVNLAVADLLLTSTVLPFSAIFEI,NIWAAVDVLCCTASIMGLCIISI,VRALLCVWVLSLVISIGPLFGWRQ,PGYVLFSALGSFYVPLAIILVMYC,LGIVVGCFVLCWLPFFLVMPIGSF,TVFKIVFWLGYLNSCINPIIYPCS
240,Q95254,PLLAGVTATCVALFVVGIAGNLLTML,EMRTTTNLYLSSMAFSDLLIFLCM,LFQFVSESCTYATVLTITALSV,VILVIWAVAFCSAGPIFVLVG,VMVWVSSVFFFLPVFCLTVLYSLI,MLAVVVFAFILCWLPFHVGRYL,YCNLVSFVLFYLSAAINPILYNIM
241,Q7Z601,CVAGVIPVIYYSVLLGLGLPV,LLALTASDIIIQVVIVFAGFL,ANILEFAANHASVWIAILLTV,IAAVLSAALLTGIPFYWWLDM,HCLTVYFIPCGVFLVTNSAII,ILLGITTLFTLLWAPRVFVML,VANMVAMLHTAANFGLYCFVS
242,O35811,FILLPMSYAVVFVLGLALNAPTLWLFLF,YMFHLALSDTLYVLSLPTLVYYY,FLFYWNLYCSVLFLTCISV,LLCLGVWLVVAGCLVPNLFFV,YVYFSSAVMVLLFGLPFLITLVCYGL,IAVVLTVFAVCFVPFHITRTIYY,YKVTRPLASANSCLDPVLYLFT
243,Q9Y2T5,VVIVLLTFLIIAGNLTVIFVF,LFVGVSCLVPTLSLLHYSTGV,FGYIISVLKSVSMACLACISV,ICIILIWIYSCLIFLPSFFGW,TGFIVCLLYAPAAFVVCFTYF,VLFRITSVFYMLWLPYIIYFL,TLSFLTTWLAISNSFCNCVIY
244,P25962,AALAGALLALATVGGNLLVIIAIA,NVFVTSLAAADLVVGLLVM,LWTSVDVLCVTASIETLCALAV,AAVVLVWIVSAAVSFAPIMSQWW,YALLSSSVSFYLPLLVMLFVYA,TLGLIMGIFSLCWLPFFLANVL,VFIALNWLGYANSAFNPVIYC
245,Q2NNR5,LYSMISVVGFFGNGFVLYVLV,FQVYMINLAVADLLCVCTLPL,LYCSIFFMTAMSFFRCVAIVF,LVCIAIWMFVILTSSPFLMAN,LFIGFIIPFITIIVCYTMIIF,AIGMIIVVTAAFLVSFMPYHI,VVITLSLAASNCCFDPLLYFF
246,P34995,PALPIFSMTLGAVSNLLALALLAQAAG,FLLFVASLLATDLAGHVIPGALVL,FLGGCMVFFGLCPLLLGCGMAV,LALAAVAAVALAVALLPLARVG,LLAGLFASLGLVALLAALVCNTLSGL,MVGQLVGIMVVSCICWSPMLVLVALAV,LFLAVRLASWNQILDPWVYILL
247,O88855,LPIVLLSVALAVGLPGNSFVVWS,LLVLNLALADLAVLLTAPFFL,LCHYVCGISMYASVLLITIMSL,AGIWVVSFLLAIPVLVYRTVK,VFHLLFEAITGFLLPFLAVVA,LVVLIILAFAAFWLPYHLVNL,VLIALAFLSSSVNPVLYACAG
248,Q9R1C8,VVIVLTAAANSLLIALICTQPAL,LVSLFTSDLMVGLVVMPPAML,LWTAFDVMCCSASILNLCLISL,ALILGAWSLAALASFLPLLLGW,SLPYVLVASGVTFFLPSGAICFTY,ASLTLGILLSMFFVTWLPFFVASIA,CISPGLFDVLTWLGYCNSTMNPIIY
249,Q60484,VSLVVVLSIITLATVLSNAFVLTTIL,LIGSLATTDLLVSILVMPISIAY,IWVSSDITCCTASILHLCVIAL,AGAMIAAVWVISICISIPPLFW,ISYTIYSTCGAFYIPSVLLIILY,LGIILGAFIVCWLPFFVVSLVLPI,ALFDFFTWLGYLNSLINPIIYTVFN
250,P49019,VLPPVLGLEFIFGLLGNGLALW,IFLFNLAVADFLLIICLPFVMD,VLFMFAMNRQGSIIFLTVVAV,TAAIISCLLWGITVGLTVHLL,LEFFLPLGIILFCSA,AIVFVICFLPSVVVRIHIFW,LAFFITLSFTYMNSMLDPVVYYFSS
251,P32244,VFIKPEVFLALGIVSLMENILVILAV,FLCSLAAADMLVSLSNSLETIMIVV,IFDSMICISLVASICNLLAIAV,ALSLIVAIWVCCGICGVMFIV,MVIVCLITMFFAMVLLMGTLYIHM,ILLGVFIFCWAPFFLHLVLIITC,TAHFNTYLVLIMCNSVIDPLIYAF
252,Q9QYN8,LMALLIVATVLGNALVMLAFV,FFLLNLAISDFLVGAFCIPLY,LWLVVDYLLCASSVFNIVLIS,ALVWVLAFLLYGPAILSWEYL,YFLITASTLEFFTPFLSVTFF,LAIIVSIFGLCWAPYTLLMII,SFWLLWANSAVNPVLYPLCHY
253,Q6XKD3,VLLHGLASLLGLVENGLILFV,LALSDLLAAASLPFFTYFLAV,LHSSVFFLNMFASGFLLSAIS,HRVCLMLWALAVLNTVPYFVF,FLLAFMVPLAIIASSHVAVSL,LVAAIVVAFILCWGPYHIFSL,LPFVTSLAFFNSVVNPLLYVL
254,P28336,IRCVIPSLYLLIITVGLLGNIMLV,IFISNLAAGDLLLLLTCVPV,LIPVIQLTSVGVSVFTLTALSA,LLRTCVKAMGIWVVSVLLAVP,HSVLIFLVYFLIPLAIISIYYYHI,IVLVFVGCFIFCWFPNHILYM,LGHMIVTLVARVLSFGNSCVNPFALYLL
255,Q923Y8,LYSLMSLIILATLVGNLIVII,WLLHSMAIVDFLLGCLIMPCS,HTSTDIMLSSASIFHLAFISI,ILVMILVSWSLPAVYAFGMIF,VSGVLAFMTSFYIPGSVMLFV,LGIMVGVFLVCWCPFFLCTVL,WFGYLNSALNPMVYAFFYPWF
256,Q9JII9,VLYSLLFLLGLLGNGAVAAVL,FLLHLAVADVLLVLTLPLWAV,AGALFNINFYAGAFLLACISF,LTCIVVWGLCVLFALPDFIFL,FLMPLLVMAYCYAHILAVLLV,VVVVVVAFAVCWTPYHLVVLV,VTSGMGYMHCCLNPLLYAFVG
257,Q62928,SPAISSVMFTAGVLGNLIALALLA,LFHVLVTELVLTDLLGTCLISPVVLA,FAFTMTFFSLATMLMLFAMAL,GGLAVLPAIYGVSLLFCSLPLLNYG,LYATVLLLLIVAVLGCNISVILNLI,LILLAIMTITFAVCSLPFTIFAYM,ALRFLSVNSIIDPWVFVILRPPVL
258,Q9ERZ4,VVFIVLVAGSLSLVTIIGNILVM,YFLFSLACADLIIGVFSMNLY,LWLALDYVVSNASVMNLLIISF,AGMMIAAAWVLSFILWAPAILFW,AVTFGTAIAAFYLPVIIMTVLYWHI,TILAILLAFIITWAPYNVMVLIN,NTVWTIGYWLCYINSTINPACYAL
259,Q9JI35,LMALLIVATVLGNALVMLAFV,FFLLNLAISDFLVGVFCIPLY,LWLVVDYLLCTSSVFNIVLIS,VLVWVLAFLLYGPAILSWEYL,YFLITASTLEFFTPFLSVTFF,LAIIVSIFGLCWAPYTLLMII,WLLWANSAVNPVLYPLCHYSF
260,P61814,RLLPPLYSLVFIFGFVGNILVVLILINC,LLNLAISDLLFLLTVPFWAHY,LLTGLYFIGFFSGIFFIILLTI,VTFGVVTSVITWVVAVFASLPGIIF,VILGLVLPLLVMVICYSGIL,LIFTIMIVYFLFWAPYNIVLLLNTF,AMQVTETLGMTHCCINPIIYAFVG
261,P31390,LVVVLSSISLVTVGLNLLVLYAV,NLYIVSLSVADLIVGAVVMPM,FWLSMDYVASTASIFSVFILCI,ASATILGAWFFSFLWVIPILG,FKIMTAIINFYLPTLLMLWFY,LGFIMAAFILCWIPYFIFFMVI,MFTIWLGYINSTLNPLIYPL
262,P61813,RLLPPLYSLVFIFGFVGNILVVLILINC,LLNLAISDLLFLLTVPFWAHY,LLTGLYFIGFFSGIFFIILLTI,VTFGVVTSVITWVVAVFASLPGIIF,VILGLVLPLLVMVICYSGIL,LIFTIMIVYFLFWAPYNIVLLLNTF,AMQVTETLGMTHCCINPIIYAFVG
263,P35348,LLGVILGGLILFGVLGNILVILSV,IVNLAVADLLLTSTVLPFSAIFEV,NIWAAVDVLCCTASIMGLCIISI,LMALLCVWALSLVISIGPLFGWRQ,PGYVLFSALGSFYLPLAIILVMYC,LGIVVGCFVLCWLPFFLVMPIGSF,TVFKIVFWLGYLNSCINPIIYPCS
264,Q60612,AYIGIEVLIALVSVPGNVLVIWA,FIVSLAVADVAVGALVIPLAILI,LMVACPVLILTQSSILALLAIA,AAVAIAGCWILSLVVGLTPMFGW,MEYMVYFNFFVWVLPPLLLMVLIYL,LALILFLFALSWLPLHILNCITLF,ILIYIAIFLTHGNSAMNPIVYAFRI
265,P58406,LMALLIVATVLGNALVMLAFV,FFLLNLAISDFLVGAFCIPLY,LWLVVDYLLCASSVFNIVLIS,ALVWVLAFLLYGPAILSWEYL,YFLITASTLEFFTPFLSVTFF,LAIIVSIFGLCWAPYTLLMII,SFWLLWANSAVNPVLYPLCHY
266,P12657,VAFIGITTGLLSLATVTGNLLVL,YFLLSLACADLIIGTFSMNLY,LWLALDYVASNASVMNLLLISF,AALMIGLAWLVSFVLWAPAILFW,IITFGTAMAAFYLPVTVMCTLYW,LSAILLAFILTWTPYNIMVLV,LGYWLCYVNSTVNPMCYALC
267,P43657,YGCMFSMVFVLGLISNCVAIYIFICVL,MINLAMSDLLFVFTLPFRIFYFTT,VMLFYTNMYGSILFLTCISV,KIVCTGVWLTVIGGSAPAVFV,SRIVIFIEIVGFFIPLILNVTCSSMVLK,LKMIFVHLIIFCFCFVPYNINLILYS,YPITLCIAVSNCCFDPIVYY
268,Q13639,VVLLTFLSTVILMAILGNLLV,IVSLAFADLLVSVLVMPFGAI,LVRTSLDVLLTTASIFHLCCISL,IALMLGGCWVIPTFISFLPIM,AITCSVVAFYIPFLLMVLAYY,LCIIMGCFCLCWAPFFVTNIV,TAFLWLGYINSGLNPFLYAFL
269,P30987,FAASFCALGLGSNLLALSVLAGA,LCGLVLTDFLGLLVTGAIVAS,FMGVAMVFFGLCPLLLGAAMAS,WATVGLVWVAAGALGLLPLLGLG,VVFGLIFALLGSASVGLSLLLNTVSV,VGIMVVATVCWMPLLVFIMQTLLQ,LIYLRVATWNQILDPWVYILFR
270,Q01717,ILLVVVICGLGIVGNIMVVLVVM,CYLVSLAVADLMVLVAAGLPNI,CITYLQYLGINASSCSITAFTI,IIIFVWAFTSIYCMLWFFLLDLNI,MDFGVFYVMPMILATVLYGFIA,MLAVVVILFALLWMPYRTLVVV,QENWFLLFCRICIYLNSAINPVI
271,P37289,FSIIFMTVGILSNSLAIAILMKA,ASALVITDFFGHLINGTIAVF,IFGICMVFSGLCPLFLGSLMAI,KMMLSGVCFFAVFVALLPILGHR,RFYLLLFAFLGLLALGISFVCNAITG,LLGIMCVSCICWSPFLV,TLFTLRMATWNQILDPWVYILL
272,Q13258,MGGVLFSTGLLGNLLALGLLA,VFYMLVCGLTVTDLLGKCLLS,FAFFMSFFGLSSTLQLLAMAL,LVAPVVSAFSLAFCALPFMGF,VLGYSVLYSSLMALLVLATVL,HLLLLALMTVLFTMCSLPVIY,FLSVISIVDPWIFIIFRSPVF
273,Q9H244,FPLLYTVLFFVGLITNGLAMRIF,FLKNTVISDLLMILTFPFKIL,QVTSVIFYFTMYISISFLGLI,ILSVVIWAFMFLLSLPNMIL,WHEIVNYICQVIFWINFLIVIV,VNVKVFIIIAVFFICFVPFHFARIPY,VKESTLWLTSLNACLDPFIY
274,P55085,KLTTVFLPIVYTIVFVVGLPSNGMALWVFL,PAVIYMANLALADLLSVIWFPLKIAYHIH,VLIGFFYGNMYCSILFMTCLSVQRYWVI,SRKKANIAIGISLAIWLLILLVTIPLYV,VGDMFNYFLSLAIGVFLFPAFLTASAYVLMIRML,SEKKRKRAIKLIVTVLAMYLICFTPSNLLLVVHYFLIKSQ,ALYIVALCLSTLNSCIDPFVYYFV
275,O08725,LLAGVTATCVALFVVGISGNLLTMLV,LRTTTNLYLSSMAFSDLLIFLCMP,FQFVSESCTYATVLTITALSVE,ILVIWAVAFCSAGPIFVLVGV,MVWVSSVFFFLPVFCLTVLYSLIG,AVVVFAFILCWLPFHVGRYLFS,NLVSFVLFYLSAAINPILYNIMSK
276,P49892,AYISIEVLIALVSVPGNILVIWA,FIVSLAVADVAVGALVIPLAIII,LMMACPVLILTESSILALLAIA,AAVAIACCWIVSFLVGLTPMFGW,MEYMVYFNFFVWVLPPLLLMLLIYL,LALVLFLFALSWLPLHILNCITLF,ILTYIAIFLTHGNSAMNPIVYAFRI
277,P37288,LEIAVLAVTFAVAVLGNSSVLLAL,FIRHLSLADLAVAFFQVLPQMC,VVKHLQVFGMFASAYMLVVMTA,LMIAAAWVLSFVLSTPQYFVFS,WMTGGIFVAPVVILGTCYGFI,FVIVTAYIVCWAPFFIIQMW,ITALLGSLNSCCNPWIYMFF
278,Q6Y1R5,VIYSIIFLVGFPGNTVAISIY,IIMLNLALTDLLYLTSLPFLI,LYSSILFLTCFSLFRYIVIIH,VACAGVWVISLVAVMPMTFLI,ILTATTFCLPLLIVTLCYTTI,TILLLLVFYVCFLPFHILRVI,IVSRPLAALNTFGNLLLYVVV
279,Q9QZN9,IAVAVLCTLMGLLSALENVAVLYLIL,FIGSLAGADFLASVIFACNFV,IFLLKIGSVTMTFTASVGSLLLTAV,ALVALGVMWVLSALISYLPLMGW,DYLLGWLLFIAILFSGIIYTYGYVLW,LGLVMAVLLICWFPALALMGH,AFAFCSMLCLVNSMINPIIYAL
280,P47898,VLILTLLGFLVAATFAWNLLVLA,VASMAVSDVLVAALVMPLSLV,LWIACDVLCCTASIWNVTAIAL,NVMIALTWALSAVISLAPLLFGW,SYAVFSTVGAFYLPLCVVLFV,AALMVGILIGVFVLCWIPFFL,SIFLWLGYSNSFFNPLIYTAF
281,P20272,LAIAVLSLTLGTFTVLENLLVLCVIL,FIGSLAVADLLGSVIFVYSFV,VFLFKLGGVTASFTASVGSLFLTAI,AVVAFCLMWTIAIVIAVLPLLGW,TYLMFWIGVTSVLLLFIVYAYMYILW,LVLILVVLIICWGPLLAIMVY,VFAFCSMLCLLNSTVNPIIYAL
282,Q5U431,LVYLIIFVVGILGNSVTIRVT,DHMVSLACSDILVFLIGMPM,LHTFLFETCSYATLLHVLTLSF,VKLLIGFVWVTSALVALPLLF,EVFQSSIFGAFAVYLVVLASVAFMC,FLRLIVVTLAVCWMPNQIRRIM,ILLPFSDTFFYLSSVVNPLLY
283,P30549,LALWATAYLALVLVAVTGNATVIW,YFIINLALADLCMAAFNATFN,FQNLFPVTAMFVSIYSMTAIAA,AVIAVIWLVALALASPQCFYS,YHLVVFVLIYFLPLVVMFAAYS,MVLVVVTFAICWLPYHLYFIL,ALFWLAMSSTMYNPIIYCCL
284,Q28524,AALAGALLALAVLATVGGNLLVIVAIT,NVFVTSLAAADLVMGLLVV,LWTSVDVLCVTASIETLCALAV,AAVVLVWVVSAAVSFAPIMSQWW,YVLLSSSVSFYLPLLVMLFVYA,TLGLIMGTFTLCWLPFFLANVL,AFLALNWLGYANSAFNPLIYC
285,Q92847,PLLAGVTATCVALFVVGIAGNLLTML,ELRTTTNLYLSSMAFSDLLIFLCM,LFQFVSESCTYATVLTITALSV,VIFVIWAVAFCSAGPIFVLVG,VMVWVSSIFFFLPVFCLTVLYSLI,MLAVVVFAFILCWLPFHVGRYL,YCNLVSFVLFYLSAAINPILYNIM
286,P49684,GAVLSAMGVVGMVGNVYTLVVMC,VYVVNLALADLLYLLSIPFIIATYVT,VLFSLDFLTMHASIFTLTIMSS,LLVLGTWLLALLLTLPMML,TYLTLLFGTSIVGPGLVIGLLYV,YLILGIVLLFWACFLPFWLWQLLAQY,YLTTCLTYGNSCINPFLYTLLT
287,P18090,QWTAGMGLLLALIVLLIVVGNVLVIVAIA,NLFIMSLASADLVMGLLVVPFGATIVV,LWTSVDVLCVTASIETLCVIAL,ARARALVCTVWAISALVSFLPILM,AYAIASSVVSFYVPLCIMAFVYLRVF,QKALKTLGIIMGVFTLCWLPFFLANVVKAF,PDRLFVFFNWLGYANSAFNPIIY
288,P16395,LASMVVMGFVAAILSTVTVAG,FLFSLAIADFAIGAISMPLFA,DTWLALDYLASNASVLNLLII,AAVMIGAAWGISLLLWPPWIY,YITFGTALAAFYFPVTIMCFL,LSAILLSFIITWTPYNILVLI,LWDFFYALCYINSTINPMCYA
289,Q9H1C0,VVYSLVLAAGLPLNALALWVF,VVSVYMCNLAASDLLFTLSLP,TGAIFQMNMYGSCIFLMLINV,VARLLCLGVWALILVFAVPAA,LLPLVLLAEALGFLLPLAAVV,LVIFLLCFVPYNSTLAVYGLL,GVLMVMVLLAGANCVLDPLVY
290,Q64264,VITSLLLGTLIFCAVLGNACVVAAIA,LIGSLAVTDLMVSVLVLPMAALYQV,LFIALDVLCCTSSILHLCAIAL,AAALISLTWLIGFLISIPPMLGWRTP,DHGYTIYSTFGAFYIPLLLMLVLYGR,TLGIIMGTFILCWLPFFIVALV,ELLGAIINWLGYSNSLLNPVIYAYF
291,P31389,LVVVLSSVSLVTVALNLLVLYAV,NLYIVSLSVADLIVGAVVMPM,FWLSMDYVASTASIFSVFILCI,ASATILGAWLLSFLWVIPILG,FKVMTAIINFYLPTLLMLWFY,LGCIMAAFILCWIPYFVFFMVI,MFTIWLGYLNSTLNPLIYPL
292,P28335,QNWPALSIVIIIIMTIGGNILVIMAV,YFLMSLAIADMLVGLLVMPLS,PVWISLDVLFSTASIMHLCAISL,AIMKIAIVWAISIGVSVPIPVIG,FVLIGSFVAFFIPLTIMVITYC,VLGIVFFVFLIMWCPFFITNIL,LLNVFVWIGYVCSGINPLVYTLF
293,P21555,LPLAVIFTLALAYGAVIILGV,ILIVNLSFSDLLVAVMCLPFT,PFVQCVSITVSIFSLVLIAVE,AYIGITVIWVLAVASSLPFVI,TTLLLVLQYFGPLCFIFICYF,INVMLLSIVVAFAVCWLPLTI,LLFLLCHLTAMISTCVNPIFY
294,P30969,VTVTFFLFLLSTAFNASFLV,VLLKHLTLANLLETLIVMPL,VLSYLKLFSMYAPAFMMVVISL,ILSIVFAGPQLYIFRMIYLA,FFTFSCLFIIPLLIMLICNA,PYYVLGIWYWFDPEMLNRV,FFFLFAFLNPCFDPLIYGYF
295,Q9BDS8,QFVPPLYSLVFMVGLLGNVVVVMILIKY,LLNLAISDLLFLFTLPFWIHY,VLSGFYHTGLYSEIFFIILLTI,VTFGVVTSIVTWGLAVLAALPEFIF,TILCLALPLLVMAICYTGII,LIFVIMAVFFIFWTPYNVAILISTY,FVLVTEVIAYSHCWVNPVIYAFVG
296,O00398,TYILIFIPGLLANSAALWVLC,AIIFMINLSVADLAHVLSLPL,ALCLLCFYLKYLNMYASICFL,VGISAAIWIVVGTACLPFPIL,ALVGMITVAELAGFVIPVIII,VFMCAAVFFICFTPYHINFIF,FCLCLASLCCLLDPILYYFMA
297,Q9MYW9,TAITIMALYSIVCVVGLFGNFLVMY,IYIFNLALADALVTSTLPFQSVNYL,KIVISIDYYNMSTSIFTLCTMSV,AKIINVCNWILSSAIGLPVMFM,ENLLKICVFIFAFIMPVLIITVCYG,VLVVVAVFIICWTPIHIYVIIKA,FQTVSWHFCIALGYTNSCLNPVLY
298,P30556,FVMIPTLYSIIFVVGIFGNSLVVIV,VFLLNLALADLCFLLTLPLWAVY,IASASVSFNLYASVFLLTCLSI,LVAKVTCIIIWLLAGLASLP,IGLGLTKNILGFLFPFLIILTS,IIMAIVLFFFFSWIPHQIFTFL,IADIVDTAMPITICIAYFNNC
299,Q61125,FVITVCFFGLLGNLLVLSFFL,IYLANLAASDLVFVLGLPFWA,VVSGVIKANLFISIFLVVAIS,QVTCLLIWVAGGLLSTPTFLL,VLGFLLPLAAILYFNFHILAS,ILTLVASFLVCWAPYHFFAFL,LANFFAFVNSCLNPLIYVFAG
300,O70342,FLIGLYTFVSLLGFMGNLLIL,FLIGNLAFSDILVVLFCSPFT,PFLQCVSVLVSTLILISIAIV,YFLIATVWTLGFAICSPLPVF,IAFTISLLLVQYILPLVCLTV,LTILILVFAVSWMPLHVFHVV,CICHLLGMMSCCLNPILYGFL
301,O88410,TFLPALYSLLFLLGLLGNGAVAAVLLS,TFLLHLAVADVLLVLTLPLWA,VAGALFNINFYAGAFLLACISF,LTCIVVWGLCLLFALPDFIY,TALRVLQLVAGFLLPLLVMAY,LVVVVVAAFAVCWTPYHLVVLV,AKSVTSGMGYMHCCLNPLLYAFV
302,Q8K4Z4,IVMSLIVLAIVFGNVLVITAI,FITSLACADLVMGLAVVPFGA,FWTSIDVLCVTASIETLCVIA,VVILMVWVVSGLTSFLPIQMH,AYAIASSIVSFYLPLVVMVFV,LGIIMGTFTLCWLPFFIVNIV,VYILLNWVGYVNSAFNPLIYC
303,P34978,FAASFCALGLGSNLLALSVLAGA,LCGLVLTDFLGLLVTGAVVAS,FMGAAMVFFGLCPLLLGAAMAA,WATVGLVWVGAGTLGLLPLLGLG,VAFGLMFALLGSVSVGLSLLLNTVSV,VGIMVVATVCWMPLLVFILQTLLQ,LIYLRVATWNQILDPWVYILFR
304,P34975,IPVIITAVYSVVFVVGLVGNSLVMFVII,IYIFNLALADALVTTTMPFQSAVY,IVISIDYYNMFTSIFTLTMMSV,KAKIINICIWLLASSVGISAIVL,DLFMKICVFVFAFVIPVLIIIVCYT,LVLVVVAVFIICWTPIHIFILV,YYFCIALGYTNSSLNPVLYAFL
305,P23944,VGVGVFLAAFILTAVAGNLLVILSV,FIVNLAVADLLLSAAVLPFSATMEVL,DVWAAVDVLCCTASILSLCTISV,AAILALLWAVALVVSVGPLLGWKEP,VGYAIFSSVCSFYLPMAVIVVMYC,TLAIVVGVFVLCWFPFFFVLPLGSL,EGVFKVIFWLGYFNSCVNPLIYPCS
306,P61073,IFLPTIYSIIFLTGIVGNGLVILVM,LHLSVADLLFVITLPFWAVDAV,AVHVIYTVNLYSSVLILAFI,VVYVGVWIPALLLTIPDFIF,VVVFQFQHIMVGLILPGIVIL,VILILAFFACWLPYYIGISI,WISITEALAFFHCCLNPILY
307,Q5KSK8,ALYGLLFLLGLLGNGAVAAVL,DTFLLHLAVADMLLVLTLPLW,AGALFNINFYAGALLLACISF,LTCVVVWGLCLFFAIPDFIFL,FLLPLLVMAYCYARILAVLLV,VVVVVVAFALCWTPYHLVVLV,VTSGLGYMHCCLNPLLYAFVG
308,Q63645,KLTTVFLPVIYIIVFVIGLPSNGMALWVFF,PAVIYMANLALADLLSVIWFPLKISYHLH,VLIGFFYGNMYCSILFMTCLSVQRYWVI,SRKRANIAVGVSLAIWLLIFLVTIPLYV,VGDMFSYFLSLAIGVFLFPALLTASAYVLMIKTL,SEKKRRRAIRLIITVLSMYFICFAPSNVLLVVHYFLIKSQ,ALYLVALCLSTLNSCIDPFVYYFV
309,P34970,AYIGIEVLIALVSVPGNVLVIWA,FIVSLAVADVAVGALVIPLAILI,LMVACPVLILTQSSILALLAIA,AAVAIAGCWILSLVVGLTPMFGW,MEYMVYFNFFVWVLPPLLLMVLIYL,LALILFLFALSWLPLHILNCVTLF,ILVYTAIFLTHGNSAMNPIVYAFRI
310,P30936,ILISLVYLVVCVVGLLGNSLVIYVVL,VYILNLALADELFMLGLPFLAA,LVMAVDGINQFTSIFCLTVMSV,MVSAAVWVASAVVVLPVVVF,FIIYTAALGFFGPLLVICLCYLLIVV,MVVAVVALFVLCWMPFYLLNIV,LYFLVVALPYANSCANPILYGFL
311,P70596,LFVSPEVFVTLGVISLLENILVIVAI,FICSLAVADMLVSVSNGSETIVITL,VIDSVICSSLLASICSLLSIAV,VGIIISCIWAACTVSGVLFII,AVIICLITMFFTMLVLMASLYVHM,ILIGVFVVCWAPFFLHLLFYISC,MSHFNLYLILIMCNAVIDPLIYAL
312,P26684,YINTVISCTIFIVGMVGNATLL,NGPNALIASLALGDLIYVVI,LFPFLQKSSVGITVLNLCALSV,IVSIWILSFILAIPEAIGFVMVPF,WWLFGFYFCMPLVCTAIFYTLM,TVFCLVVIFALCWFPLHLSRIL,LLMDYIGINLATMNSCINPIALYFV
313,P32249,IVMPLHYSLVFIIGLVGNLLALVVIV,ILFTTALPTRIAYYAMGF,ITALVFYINTYAGVNFMTCLSI,GVCIFVWILVFAQTLPLLI,LPWILLGACFIGYVLPLIIILIC,ALNTIILIIVVFVLCFTPYHVAII,ISLHFTVCLMNFNCCMDPFIYFFAC
314,P21554,LAIAVLSLTLGTFTVLENLLVLCVIL,FIGSLAVADLLGSVIFVYSFI,VFLFKLGGVTASFTASVGSLFLTAI,AVVAFCLMWTIAIVIAVLPLLGW,TYLMFWIGVTSVLLLFIVYAYMYILW,LVLILVVLIICWGPLLAIMVY,VFAFCSMLCLLNSTVNPIIYAL
315,P79266,VTLYAVIFLMSVGGNVLIIVVL,VTNAFLLSLAVSDLLLAVACMP,YFMGVSVSVSTLSLVAIAL,AARVIVATWMLSGLLMVPY,VLLLLLLFFVPGVVMAVAYGLIS,MLLVIVVLFFLCWLPVYSANTW,FIHLLTYASACVNPLVYCFMH
316,P25115,VVTAGLLTLLIVWTLLGNVLVCAAIV,IFIVSLAVSDLFVALLVMPWKAVAEVA,DIWVAFDIMCSTASILNLCIISV,VALVMVGLAWTLSILISFIPVQLNWH,NRTYAISSSLISFYIPVAIMIVTYT,KTLSMIMGVFVCCWLPFFILNCMVPFCS,FDIFVWFGWANSSLNPIIYAFN
317,Q8HZP2,FIISICSFGLLGNLFVLLVFL,IYLANLAASDLVFVLGLPFWA,VINGIIKANLFISIFLVVAIS,RVTCVLIWVVGGLLSIPTFLL,ILAFLLPLAAIIFFNYHILAS,ILTLVVAFLVCWAPYHFFAFL,LANFLAFTNSSLNPVIYVFVG
318,P56718,WVLIAAYVAVFLIALVGNTLV,YFIVNLSLADVLVTAICLPASLL,KVIPYLQAVSVSVAVLTLSFI,ARGSILGIWAVSLAVMVPQAAV,IYHSCFFFVTYLAPLGLMGMAY,MLMVVLLVFALCYLPISVLNVLK,YACFTFSHWLVYANSAANPIIYNF
319,Q8MJ89,VFGTICLLGIIGNSMVIFAVV,IFIINLSVVDLLFLLGMPFMI,ITAMDANSQFTSTYILTAMAI,LVICLLWALSFISITPVWLYA,LYWFTLYQFFLAFALPFVVIT,AIAICLVFFVCWAPYYVLQLT,AAISLGYANSCLNPFVYIVLC
320,Q8K3T4,FALYVSAFALGFPLNLLAIRGAV,LVYTLHLACSDLLLAITLPLKAV,PVFALAHFAPLYAGGGFLAALS,YSWGVCVAIWALVLCHLGLAL,ARPARLSFSILLFFLPLVITAF,WVAGGALLTLLLCLGPYNASNVASF,WRKLGLITGAWSVVLNPLVTGYL
321,Q9WTV9,IAVLAVIFVVAVLGNSSVLLA,LSLADLAVAFFQVLPQLCWDI,VVKHLQVFAMFASAYMLVVMT,LMIAASWVLSFLLSTPQYFIF,VFVVPVVILGTCYGFICYHIW,TFVIVTAYILCWAPFFIVQMW,ITITALLASLNSCCNPWIYMF
322,P46663,PTFIISICFFGLLGNLFVLLVFLL,IYLANLAASDLVFVLGLPFWAENIW,VINGVIKANLFISIFLVVAISQ,VTCVLIWVVGGLLSIPTFLLRSI,FARIVELNILGFLLPLAAIVFFNYHIL,TTALILTLVVAFLVCWAPYHFFAFL,LGLQLANFFAFTNSSLNPVIYVF
323,P35346,RAVLVPVLYLLVCAAGLGGNTLVIYVVL,IYILNLAVADVLYMLGLPFLATQNA,LVMTLDGVNQFTSVFCLTVMSV,LASAAAWVLSLCMSLPLLVFA,GAVFIIYTAVLGFFAPLLVICLCYL,RMVLVVVLVFAGCWLPFFTVNIVNLA,GLYFFVVILSYANSCANPVLYGFLS
324,P97288,VVLLTFLAVVILMAILGNLLV,IVSLAFADLLVSVLVMPFGAI,LVRTSLDVLLTTASIFHLCCISL,IALMLGGCWVLPMFISFLPIM,AITCSVVAFYIPFLLMVLAYY,LCVIMGCFCFCWAPFFVTNIV,TAFLWLGYINSGLNPFLYAFL
325,P51685,LLLAVFYCLLFVFSLLGNSLVILVLVVC,LLNLALSDLLFVFSFPFQTY,VVSGFYYIGFYSSMFFITLMSV,IRMGTTLCLAVWLTAIMATIPLLVF,NILGLLIPFTIFMFCYIKIL,LVLIVVIASLLFWVPFNVVLFLTSL,ATHVTEIISFTHCCVNPVIYAFVG
326,Q28905,FSIIFMTVGILSNSLAIAILMKA,ASALVITDFFGHLINGTIAVF,IFGICMVFSGLCPLFLGSLMAI,KMMLSGVCFFAVFVALLPILGHR,RFYLLLFAFLGLLALGISFVCNAITG,LLGIMCVSCICWSPFLV,TLFTLRMATWNQILDPWVYILL
327,Q9Y271,LYSMISVVGFFGNGFVLYVLI,FQVYMINLAVADLLCVCTLPL,LYCSIFFMTAMSFFRCIAIVF,FVCVGIWIFVILTSSPFLMAK,LFVGFIIPFVIIIVCYTMIIL,AIGMIMVVTAAFLVSFMPYHI,VVITLSLAASNCCFDPLLYFF
328,Q63371,LLPPVYSVVLVVGLPLNVCVI,VYTLNLALADLLYACSLPLLI,VRFLFYANLHGSILFLTCISF,WVVCGVVWLVVTAQCLPTAVF,ALTVIGFLLPFTALLACYCRM,AARMAVVVAAVFVISFLPFHI,AAYKGTRPFASANSVLDPILFYF
329,P52500,IIYVIPAVYGLIIVIGLIGNITLI,LFISSLALGDLLLLVTCAPV,LIPFIQLTSVGVSVFTLTALSA,ALMKICLKAALIWIVSMLLAIP,IHSMASFLVFYIIPLSIISVYYYFIA,TVLVFVGLFAFCWLPNHVIYL,LHFITSICARLLAFTNSCVNPFALYLL
330,O60755,PVVFALIFLLGTVGNGLVLAV,DLFILNLAVADLCFILCCVPF,AVHLLIYLTMYASSFTLAAVSV,ARAAVGLVWLLAALFSAPYLS,DVATFAAGYLLPVAVVSLAYG,MLAVAALYALCWGPHHALILC,YGRFAFSPATYACRLASHCLA
331,P16473,YKFLRIVVWFVSLLALLGNVFVLLILLT,FLMCNLAFADFCMGMYLLLIASV,NTAGFFTVFASELSVYTLTVITL,ACAIMVGGWVCCFLLALLPLVGI,AYIVFVLTLNIVAFVIVCCCYV,MAVLIFTDFICMAPISFYALSAIL,ILLVLFYPLNSCANPFLYAIFT
332,P08482,VAFIGITTGLLSLATVTGNLLVL,YFLLSLACADLIIGTFSMNLY,LWLALDYVASNASVMNLLLISF,AALMIGLAWLVSFVLWAPAILFW,IITFGTAMAAFYLPVTVMCTLYW,LSAILLAFILTWTPYNIMVLV,LGYWLCYVNSTVNPMCYALC
333,P30518,AELALLSIVFVAVALSNGLVLAALA,IGHLCLADLAVALFQVLPQLA,AVKYLQMVGMYASSYMILAMTL,VLVAWAFSLLLSLPQLFIFAQ,GRRTYVTWIALMVFVAPTLG,MTLVIVVVYVLCWAPFFLVQLW,LLMLLASLNSCTNPWIYASF
334,O43613,WVLIAAYVAVFVVALVGNTLV,YFIVNLSLADVLVTAICLPASLL,KVIPYLQAVSVSVAVLTLSFI,ARGSILGIWAVSLAIMVPQAAV,IYHSCFFIVTYLAPLGLMAMAY,MLMVVLLVFALCYLPISVLNVLK,YACFTFSHWLVYANSAANPIIYNF
335,P61169,AMLLTLLIFIIVFGNVLVCMAVS,YLIVSLAVADLLVATLVMPWVVY,IFVTLDVMMCTASILNLCAISI,VTVMIAIVWVLSFTISCPLLF,FVVYSSIVSFYVPFIVTLLVYIKIY,MLAIVLGVFIICWLPFFITHIL,AFTWLGYVNSAVNPIIYTTFNI
336,P21452,LALWATAYLALVLVAVTGNAIVIW,YFIVNLALADLCMAAFNAAFN,FQNLFPITAMFVSIYSMTAIAA,AVIAGIWLVALALASPQCFYS,YHLVVIALIYFLPLAVMFVAYS,MVLVVLTFAICWLPYHLYFIL,ALFWLAMSSTMYNPIIYCCL
337,P51682,QLLPPLYSLVFIFGFVGNMMVFLILISC,LLNLAISDLLFLLTLPFWAHY,VFTGLYHIGYFGGIFFIILLTI,VNFGVITSVVTWAVAVFASLPEIIF,VILSLILPLLVMVICYSGIL,LIFAIMIVYFLFWTPYNIVLLLTTF,AMQATETLGMTHCCLNPVIYAFVG
338,P46092,ALGLAGNGLVLATHLA,AHLLQLALADLLLALTLPFAA,TISGLYSASFHAGFLFLACISA,LVSVIVWLLSLLLALPALLF,KGASAVAQVALGFALPLGVMVA,VVVALVAAFVVLQLPYSLALLL,ALLVTSGLALARCGLNPVLYAFL
339,Q29010,YINTVISCTIFIVGMVGNATLL,NGPNALIASLALGDLIYVVI,LFPFLQKSSVGITVLNLCALSV,IVSIWILSFILAIPEAIGFVMVPF,WWLFGFYFCMPLVCTAIFYTLM,TVFCLVVIFALCWFPLHLSRIL,LLMDYIGINLATMNSCINPIALYFV
340,Q9UBY5,IVLCVGTFFCLFIFFSNSLVI,LLANLAAADFFAGIAYVFLMF,WFLRQGLLDSSLTASLTNLLVIA,LLILLVWAIAIFMGAVPTLGW,YLVFWTVSNLMAFLIMVVVYL,VMTVLGAFVVCWTPGLVVLLL,WFLLLALLNSVVNPIIYSYKD
341,Q64077,LALWATAYLALVLVAVTGNATVTW,YFIVNLALADLCMAAFNAAFN,FQNLFPITAMFVSIYSMTAIAI,AVIGGIWLVALALAFPQCFYS,YHLVVIVLIYLLPLTVMFVAYS,MVLVVVTFAICWLPYHLYFIL,ALFWLAMSSTMYNPIIYCCL
342,Q9NSD7,ILISVVYWVVCALGLAGNLLV,FVTNLALTDFQFVLTLPFWAV,IVSMVTSMNMYASVFFLTAMS,ALCVWIWALAALASLPSAIFS,KVLLGFVLPLGIIILCYLLLV,IVVLSFFLCWLPNQALTTWSI,VPFSQEYFLCQVYAFPVSVCL
343,O02662,VALAGALLALEVLATVGGNLLVIVAIA,NVFVTSLATADLVVGLLVV,LWTSVDVLCVTASIETLCALAV,AAVVLVWVVSAAVSFAPIMSKWW,YALLSSSVSFYLPLLVMLFVYA,TLGLIVGTFTLCWLPFFVANVM,ALLALNWLGYANSAFNPLIYC
344,P30542,AYIGIEVLIALVSVPGNVLVIWA,FIVSLAVADVAVGALVIPLAILI,LMVACPVLILTQSSILALLAIA,AAVAIAGCWILSFVVGLTPMFGW,MEYMVYFNFFVWVLPPLLLMVLIYL,LALILFLFALSWLPLHILNCITLF,ILTYIAIFLTHGNSAMNPIVYAFRI
345,P51144,LALWATAYLGLVLVAVTGNATVIW,YFIINLALADLCMAAFNATFN,FQNLFPITAMFVSIYSMTAIAA,ATIAGIWLVALALASPQCFYS,YHLVVFVLVYFLPLVVMFVAYS,MVLVVLTFAICWLPYHLYFIL,ALFWLAMSSTMYNPIIYCCL
346,Q9NS75,IVYLIIFFWGVLGNGLSIYVF,VNVFMLNLAISDLLFISTLPF,SSIYFLTVLSVVRFLAMVHPF,SAWILCGIIWILIMASSIMLL,ALVVGCLLPFFTLSICYLLII,LTTIIITLIIFFLCFLPYHTL,LVITLALAAANACFNPLLYYF
347,A5A4K9,PLLAGVTATCVALFVVGIAGNLLTML,ELRTTTNLYLSSMAFSDLLIFLCM,LFQFVSESCTYATVLTITALSV,VILVIWALAFCSAGPIFVLVG,IMVWVSSVFFFLPVFCLTVLYSLI,MLAVVVFAFILCWLPFHVGRYL,YCNLVSFVLFYLSAAINPILYNIM
348,P52703,ALSYCALILAIVFGNGLVCMAVL,YLVVSLAVADLLVATLVMPWVVY,VFVTLDVMMCTASILNLCAISI,VTLMITAVWVLAFAVSCPLLF,FVIYSSVVSFYLPFGVTVLVYA,MVAIVLGAFIVCWLPFFLTHVL,ATTWLGYVNSALNPVIYTTF
349,Q60614,LYVALELVIAALAVAGNVLVCAAVG,YFLVSLATADVAVGLFAIPFAITI,LFLACFVLVLTQSSIFSLLAVAV,ARGIIAVLWVLAFGIGLTPFLGW,MSYMVYFNFFGCVLPPLLIMLVIYI,LAMIVGIFALCWLPVHAINCITLF,PKWVMNVAILLSHANSVVNPIVYA
350,Q8R4G1,FLVPIITLLGLAGNTIVLWLL,ISVYVLNLSLADSFFLCCHFI,ILGNAAIIPYISGLSILSAIS,AIICVLIWVLSFLMGILDWFF,FIVTAFLIFLFMLLFGSSLAL,VYLICGLPLGLYLFLLYWFGI,VTVLLSCVNSSANPIIYFLVG
351,P30552,VTLYAVIFLMSVGGNVLIIVVL,VTNAFLLSLAVSDLLLAVACMP,YLMGVSVSVSTLSLVAIAL,AARVIIATWMLSGLLMVPY,VLLLLLLFFVPGVVMAVAYGLIS,MLLVIVVLFFLCWLPLYSANTW,FIHLLSYASACVNPLVYCFMH
352,Q9WV26,FVMIPTLYSIIFVVGIFGNSLVVIV,VFLLNLALADICFLLTLPLWAVY,IASASVSFNLYASVFLLTCLSI,LVAKVTCVIIWLMAGLASLP,IGLGLTKNILGFMFPFLIILTS,IIMAIVLFFFFSWVPHQIFTFL,ISDIVDTAMPITICIAYFNNC
353,P56450,LFVSPEVFVTLGVISLLENILVIVAI,FICSLAVADMLVSVSNGSETIVITL,VIDSVICSSLLASICSLLSIAV,VGIIISCIWAACTVSGVLFII,AVIICLISMFFTMLVLMASLYVHM,ILIGVFVVCWAPFFLHLLFYISC,MSHFNLYLILIMCNAVIDPLIYAL
354,P41231,YVLLPVSYGVVCVPGLCLNAVALYIFL,YMFHLAVSDALYAASLPLLVYYY,FLFYTNLYCSILFLTCISV,VAGAVWVLVLACQAPVLYFV,FVAYSSVMLGLLFAVPFAVILVCYVL,IAVVLAVFALCFLPFHVTRTLYY,YKVTRPLASANSCLDPVLYFLA
355,P25024,YVVIIAYALVFLLSLLGNSLVMLVILY,VYLLNLALADLLFALTLPIWA,VVSLLKEVNFYSGILLLACISV,FVCLGCWGLSMNLSLPFFLF,MVLRILPHTFGFIVPLFVMLF,VIFAVVLIFLLCWLPYNLVLLA,ALDATEILGFLHSCLNPIIYAFI
356,P41145,IPVIITAVYSVVFVVGLVGNSLVMFVII,IYIFNLALADALVTTTMPFQSTVY,IVISIDYYNMFTSIFTLTMMSV,KAKIINICIWLLSSSVGISAIVL,DLFMKICVFIFAFVIPVLIIIVCYT,LVLVVVAVFVVCWTPIHIFILV,YYFCIALGYTNSSLNPILYAFL
357,P21917,LAGQGAAALVGGVLLIGAVLA,FIVSLAAADLLLALLVLPLFV,LMAMDVMLCTASIFNLCAISV,LLLIGATWLLSAAVAAPVLCG,VVYSSVCSFFLPCPLMLLLYW,VLPVVVGAFLLCWTPFFVVHI,SAVTWLGYVNSALNPVIYTVF
358,Q8BZP8,LITLWVLFVVTIVGNSVVLFS,MTFFVTQLAITDSFTGLINIL,VRYLQVVLLYASTYVLVSLSI,VLIGIAWSLSFLFSIPTLIIF,IVAFLVYFIPLAIISVIYGLV,SIVIILAFICCWSPYFLFDIL,VIIQNLPALNSAINPLIYCIF
359,P56719,WVLIAGYIIVFVVALIGNVLV,TNYFIVNLSLADVLVTITCLPA,KVIPYLQTVSVSVSVLTLSCIAL,NSIVVIWIVSCIIMIPQAIVM,YHICFFLVTYMAPLCLMVLAY,MLMVVLLVFAICYLPISILNVL,YAWFTFSHWLVYANSAANPIIYNF
360,Q8K418,PGIEALCAIYITYAVIISVGIL,NIFITSLAFGDLLLLLTCVPV,VLSFIRLTSVGVSVFTLTILSA,TCAKAGGIWIMAMIFALPEAI,CFLVFYIIPLSIISVYYSLIA,VLVLVALFALCWLPNHLLYLY,FSRVLAFSNSCVNPFALYWL
361,P41968,VFIKPEVFLSLGIVSLLENILVILAV,FLCSLAVADMLVSVSNALETIMIAI,IFDSMICISLVASICNLLAIAV,ALTLIVAIWVCCGVCGVVFIV,MVIVCLITMFFAMMLLMGTLYVHM,ILLGVFIFCWAPFFLHLVLIITC,TAHFNTYLVLIMCNSVIDPLIYAF
362,P23945,VLIWFISILAITGNIIVLVIL,FLMCNLAFADLCIGIYLLLIASV,AAGFFTVFASELSVYTLTAITL,AASVMVMGWIFAFAAALFPIFGI,LYVMSLLVLNVLAFVVICGCYI,MAMLIFTDFLCMAPISFFAISASL,ILLVLFHPINSCANPFLYAIFT
363,Q7TQN8,FGVILAVLTILIIAVNALVVV,GVGLCFTLNLAVADTLIGVAI,MAFVTSSAAASVLTVMLIAFD,IAGLWLISYLIGFLPLGVSIF,FVLTLSCAGFFPAVLLFVFFY,VSVLIGSFTLSWSPFLITSIV,YLWLLGVGNSLLNPLIYAYWQ
364,Q76JU9,FALYVSAFALGFPLNLLAIRGAV,LVYTLHLGCSDLLLAITLPLKAV,PVFALAHFAPLYAGGGFLAALS,YSWGVCVAIWALVLCHLGLAL,ARPARLSFSILLFFLPLVITAF,WVAGGALLTLLLCLGPYNASNVASF,WRKLGLITGAWSVVLNPLVTGYL
365,P15823,ISVGLVLGAFILFAIVGNILVILSV,IVNLAIADLLLSFTVLPFSATL,IFCDIWAAVDVLCCTASILSLCAISI,AILALLSVWVLSTVISIGPLL,FYALFSSLGSFYIPLAVILVMYC,LGIVVGMFILCWLPFFIALPLGSL,DAVFKVVFWLGYFNSCLNPIIYPCS
366,Q28044,GMGILMSLIVLAIVFGNVLVITAI,ITSLACADLVMGLAVVPFGACHIL,EFWTSIDVLCVTASIETLCVIAV,RVVILMVWIVSGLTSFLPIQMHWY,QPYAIASSIVSFYLPLVVMVFVYS,LGIIMGTFTLCWLPFFIVNIVHVI,EIYILLNWLGYINSAFNPLIYCRS
367,Q15722,LAIILLSVALAVGLPGNSFVVWS,LMVLNLALADLAVLLTAPFFL,LCHYVCGVSMYASVLLITAMSL,AGIWVLSFLLATPVLAYRTVV,AFHLIFEAVTGFLLPFLAVVA,LVVLIILTFAAFWLPYHVVNL,VLIALAFLSSSVNPVLYACAG
368,Q9ERZ3,VVFIAFLTGFLALVTIIGNILVIV,YFLLSLACADLIIGVISMNLFTTYII,LWLSIDYVASNASVMNLLVISF,AGVMIGLAWVISFVLWAPAILF,TITFGTAIAAFYMPVTIMTILYW,TLSAILLAFIITWTPYNIMVLVN,NLGYWLCYINSTVNPVCYAL
369,O14843,VYLLTFLVGLPLNLLALVVFV,VAVDVLLLNLTASDLLLLLFL,PLSGFIFFTTIYLTALFLAAVSI,GLVSVACWLLASAHCSVVYVI,AILLPVRLEMAVVLFVVPLII,VAGLLAATLLNFLVCFGPYNV,IYVTLLSTLNSCVDPFVYYFS
370,P14600,IVLWAAAYTVIVVTSVVGNVVVI,TVTNYFLVNLAFAEACMAAFNT,FHNFFPIAALFASIYSMTAVAF,VVIFVIWVLALLLAFPQGYYS,AYHICVTVLIYFLPLLVIGYAYTVV,MMIVVVCTFAICWLPFHVFFLL,QQVYLASMWLAMSSTMYNPIIYCCL
371,Q9Y5Y4,AAVLLHGLASLLGLVENGVILFV,TWVLHLALSDLLASASLPFFTY,HSSIFFLNMFASGFLLSAISL,AAHKVCLVLWALAVLNTVPYFV,FLLAFLVPLAIIASSHAAVSL,VAAVVAAFALCWGPYHVFSLLE,VTSLAFFNSVANPVLYVLTC
372,Q9GZQ6,AMFIVAYALIFLLCMVGNTLV,FILNLAVSDLLVGIFCMPTTL,MSGLVQGMSVSASVFTLVAIA,LVTIAVIWALALLIMCPSAVT,VYTTVLFSHIYLAPLALIVVM,LVMVALFFTLSWLPLWALLLL,VYAFPFAHWLAFFNSSANPII
373,Q8WXD0,ILRIFVWVIAFITCFGNLFVI,ILCCADCLMGVYLFFVGIFDI,RLMGFLAMLSTEVSVLLLTYLTL,TSVILICIWMAGFLIAVIPFW,IFLGVNLLAFLIIVFSYITMF,FFFIVFSDAICWIPVFVVKIL,MTSWIVIFFLPVNSALNPILY
374,P28646,SAILISFIYSVVCLVGLCGNSMVIYVIL,IYILNLAIADELLMLSVPFLVTSTLL,LVLSVDAVNMFTSIYCLTVLSV,VVNLGVWVLSLLVILPIVVFS,LVGFVLYTFLMGFLLPVGAICLCYV,LMVMMVVMVFVICWMPFYVVQLVNVF,VSQLSVILGYANSCANPILYGFLS
375,P18901,ILTACFLSLLILSTLLGNTLVCAAVI,FFVISLAVSDLLVAVLVMPWKAVAEIA,NIWVAFDIMCSTASILNLCVISV,AAFILISVAWTLSVLISFIPVQLSW,TYAISSSLISFYIPVAIMIVTYTSIY,TLSVIMGVFVCCWLPFFISNCMVPFCG,FDVFVWFGWANSSLNPIIYAFNADF
376,P28221,ISLAVVLSVITLATVLSNAFVLTTIL,LIGSLATTDLLVSILVMPISIAY,IWLSSDITCCTASILHLCVIAL,AATMIAIVWAISICISIPPLFW,ISYTIYSTCGAFYIPSVLLIILY,LGIILGAFIICWLPFFVVSLVLPI,ALFDFFTWLGYLNSLINPIIYTVFN
377,P43114,PVTIPAVMFIFGVVGNLVAIVVLC,TLVCGLAVTDLLGTLLVSPVTIAT,FILLFFGLSGLSIICAMSI,AGLTLFAVYASNVLFCALPNMGLGR,SYMYAGFSSFLILATVLCNVLVCGALL,IQMVILLIATSLVVLICSIPLVVRVFIN,QAIRIASVNPILDPWIYILL
378,P49652,YYLPTVYILVFITGFLGNSVAIW,VYMFNLALADFLYVLTLPALIF,LQRFIFHVNLYGSILFLTCISV,NAVYVSSLVWALVVAVIAPILF,FVYSMCTTVFMFCIPFIVILGCY,LVIIVLTVFAVSYLPFHVMKTLNL,ATYQVTRGLASLNSCVDPILYF
379,Q9Y5N1,LMALLIVATVLGNALVMLAFV,FFLLNLAISDFLVGAFCIPLY,LWLVVDYLLCTSSAFNIVLIS,LLVWVLAFLLYGPAILSWEYL,YFLITASTLEFFTPFLSVTFF,LAVIVSIFGLCWAPYTLLMII,TSFWLLWANSAVNPVLYPLCH
380,O00421,LCSAVFVIGVLDNLLVVLILV,IYLLNLAVSNLCFLLTLPFWA,ILIGLYFVGLYSETFFNCLLT,VPCGIITSVLAWVTAILATLP,FLTLKMNISVLVLPLFIFTFL,LVFAIMVVFLLMWAPYNIAFF,LIATTHCCINPLLYAFLDGTF
381,Q9HBW0,VVVALGLTVSVLVLLTNLLVI,LLGNLAAADLFAGVAYLFLMF,WFLRQGLLDTSLTASVATLLAIA,VVMLIVGVWVAALGLGLLPAH,YLAVWALSSLLVFLLMVAVYT,VVIILGAFVVCWTPGQVVLLL,FLLLAEANSLVNAAVYSC
382,P28565,ISLVVVLSIITLATVLSNAFVLTTIL,LIGSLATTDLLVSILVMPISIAY,IWVSSDITCCTASILHLCVIAL,AAAMIAAVWAISICISIPPLFW,ISYTIYSTCGAFYIPSILLIILY,LGIILGAFIICWLPFFVVSLVLPI,ALFDFFTWLGYLNSLINPVIYTVFN
383,Q7TQP3,FGVILAVLTILIIAVNALVVV,GVGLCFTLNLAVADTLIGVAI,MAFVTSSAAASVLTVMLIAFD,IAGLWLVSYLIGFLPLGVSIF,FVLTLSCAGFFPAVLLFVFFY,IAVLIGSFTLSWSPFLITSIV,YLWLLGVGNSLLNPLIYAYWQ
384,P35370,GLKVTIVGLYLAVCIGGLLGNCLVMY,IYIFNLALADTLVLLTLPFQGT,TVIAIDYYNMFTSTFTLTAMSV,KAQAVNVAIWALASVVGVPVAIM,GPVFAICIFLFSFIIPVLIISVCYS,VLVVVAVFVGCWTPVQVFVLV,LRFCTALGYVNSCLNPILYAFL
385,P29371,IALWSLAYGVVVAVAVLGNLIVI,TVTNYFLVNLAFSDASMAAFNT,FQNFFPITAVFASIYSMTAIAV,IVIGSIWILAFLLAFPQCLYS,TYHIIVIILVYCFPLLIMGITYTIV,MMIIVVMTFAICWLPYHIYFIL,QQVYLASFWLAMSSTMYNPIIYCCL
386,P35414,SGALIPAIYMLVFLLGTTGNGLVLW,FIASLAVADLTFVVTLPLWATYTYR,FCKLSSYLIFVNMYASVFCLTGLSF,SGAVATAVLWVLAALLAMPVMV,LGVSSTTVGFVVPFTIMLTCY,RLLSIIVVLVVTFALCWMPYHLVKTLY,LFLMNIFPYCTCISYVNSCLNPFL
387,P48145,VAVPVVYAVICAVGLAGNSAVLYV,NLFILNLAIADELFTLVLPINIADF,VAIDQYNTFSSLYFLTVMSA,VSLAVWGIVTLVVLPFAVFA,SRLYTLVLGFAIPVSTICVLYT,VTFLVVAILAVCLLCWTPYHLSTVV,LVIAISYFITSLSYA
388,P18841,ISVGLVLGAFILFAIVGNILVILSV,IVNLAIADLLLSFTVLPFSATL,IFCDIWAAVDVLCCTASILSLCAISI,AILALLSVWVLSTVISIGPLLGW,FYALFSSLGSFYIPLAVILVMYC,LGIVVGMFILCWLPFFIALPLGSL,DAVFKVVFWLGYFNSCLNPIIYPCS
389,P70536,ARVEVAVLCLILFLALSGNACVLLA,FFFMKHLSIADLVVAVFQVLPQL,LVKYLQVVGMFASTYLLLLMSL,LAVLGTWLGCLVASAPQVHIF,WITLAVYIVPVIVLAACYGLISF,MTFIIVLAFIVCWTPFFFV,AFIIAMLLASLNSCCNPWIYMLF
390,P43119,PATSTLMFVAGVVGNGLALGIL,LVTGLAATDLLGTSFLSPAVFVAYA,FAFAMTFFGLASMLILFAMAV,CARLALPAIYAFCVLFCALPLLGL,AAFSLAYAGLVALLVAAIFLCNGSVTL,DHLILLALMTVVMAVCSLPLTIRCF,LLAFRFYAFNPILDPWVFILF
391,P21918,QVVTACLLTLLIIWTLLGNVLVCAAIV,VFIVSLAVSDLFVALLVMPWKAVAEVA,VWVAFDIMCSTASILNLCVISV,VMVGLAWTLSILISFIPVQLNW,TYAISSSLISFYIPVAIMIVTYT,TLSVIMGVFVCCWLPFFILNCMVP,FDVFVWFGWANSSLNPVIYA
392,P49683,IVLLYSVVVVVGLVGNCLLVL,LALSDVLMCTACVPLTLAYAF,WVFGGGLCHLVFFLQPVTVYV,SAYAVLAIWALSAVLALPAAV,AWGLLLVTYLLPLLVILLSYV,FCLLVVIVVVFAVCWLPLHVF,LLCHWLAMSSACYNPFIYAWL
393,P25025,YFVVIIYALVFLLSLLGNSLVMLVILY,VYLLNLALADLLFALTLPIWA,VVSLLKEVNFYSGILLLACISV,FICLSIWGLSLLLALPVLLF,MLLRILPQSFGFIVPLLIMLFCY,VIFAVVLIFLLCWLPYNLVLLA,ALDATEILGILHSCLNPLIYA
394,O43614,WVLIAGYIIVFVVALIGNVLV,TNYFIVNLSLADVLVTITCLPA,KVIPYLQTVSVSVSVLTLSCIAL,NSIVIIWIVSCIIMIPQAIVM,YHICFFLVTYMAPLCLMVLAY,MLMIVLLVFAICYLPISILNVL,YAWFTFSHWLVYANSAANPIIYNF
395,Q60613,VYIMVELAIAVLAILGNVLVCWAVW,FFVVSLAAADIAVGVLAIPFAITI,LFFACFVLVLTQSSIFSLLAIAI,AKGIIAICWVLSFAIGLTPMLGW,MNYMVYYNFFAFVLLPLLLMLAIYL,LAIIVGLFALCWLPLHIINCFTFF,PWLMYLAIILSHSNSVVNPFIYAY
396,O55193,LYSLVFIFGFVGNMLVIIILI,IYLFNLAISDLLFLLTLPFWA,FTGLYHIGYFGGIFFIILLTI,VITSVVTWVVAVFASLPGIIF,ILSLILPLLVMVICYSGILHT,LIFAIMIVYFLFWTPYNIVLF,VTETLGMTHCCVNPIIYAFVG
397,Q9EQD2,AVFISSYFLIFFLCMVGNTVV,FIFNLAISDLLVGIFCMPITL,ISGLVQGISVAASVFTLVAIA,FVMIVIIWGLAITIMTPSAIM,IYTTVLFATIYLAPLSLIVIM,LLTVALLFILSWLPLWTLMML,IYVYPFAHWLAFCNSSVNPII
398,P35408,PVTIPAVMFIFGVVGNLVAIVVLC,TLVCGLAVTDLLGTLLVSPVTIAT,FILLFFSLSGLSIICAMSV,AGLTLFAVYASNVLFCALPNMGLGS,SYMYAGFSSFLILATVLCNVLVCGALL,IQMVILLIATSLVVLICSIPLVVRVFVN,QAIRIASVNPILDPWIYILL
399,Q96LB1,VFLILFIALVGLVGNGFVLWL,FSVYVLSLAGADFLFLCFQII,ISINFPSFFTTVMTCAYLAGL,LSAVVCVLLWALSLLLSILEG,FITAAWLIFLFMVLCGSSLAL,VLVFLLCGLPFGIQWFLILWI,VVLSSLNSSANPIIYFFVGSF
400,O46635,WSALLTAVVIILTIAGNILVIMAV,YFLMSLAIADMLLGFLVMPVSM,AVWIYLDVLFSTASIMHLCAISL,AFLKIIAVWTISVGISMPIPVFGL,FVLIGSFVSFFIPLTIMVITY,LGIVFFLFVVMWCPFFITNIMA,NVFVWIGYLSSAVNPLVYTLFN
401,P49286,LSAVLIVTTAVDVVGNLLVIL,LFLVSLALADLVVAFYPYPLI,SAFVMGLSVIGSVFNITAIAI,HTPLHICLIWLLTVVALLPNF,TAAVVVIHFLLPIAVVSFCYL,FVVFVIFAICWAPLNCIGLAV,GLFVTSYLLAYFNSCLNAIVY
402,P58307,WVLIAAYVAVFLIALVGNTLV,YFIVNLSLADVLVTAICLPASLL,KVIPYLQAVSVSVAVLTLSFI,ARGSILGIWAVSLAVMVPQAAV,IYHSCFFIVTYLAPLGLMAMAY,MLMVVLLVFALCYLPISVLNVLK,YACFTFSHWLVYANSAANPIIYNF
403,P35351,AIPVLYYMIFVIGFAVNIVVVSLFCC,IYIFNLAVADLLLLATLPLWAT,FGSFLTLNMFASIFFITCMSV,SYVVPLVWCMACLSSLPTF,AGIALMKNILGFIIPLIFIATCYFGI,MAAAVVLAFIICWLPFHVLTFL,LALPFAILLGFTNSCVNPFLY
404,P47746,VLSLTLGTFTVLENLLVLCVI,FIGSLAVADLLGSVIFVYSFV,VFLFKLGGVTASFTASVGSLF,AVVAFCLMWTIAIVIAVLPLL,FWIGVTSVLLLFIVYAYMYIL,LVLILVVLIICWGPLLAIMVY,VFAFCSMLCLLNSTVNPIIYA
405,Q9BXA5,IEFVVGVLGNTIVVYGYIFSL,IYLFNLSVSDLAFLCTLPMLI,ANLYTSILFLTFISIDRYLII,FAILISLAIWVLVTLELLPIL,IYSMCLTLLGFLIPLFVMCFF,LNLVIMAVVIFSVLFTPYHVM,PLAFLNSVINPVFYFLLGDHF
406,P28222,VLLVMLLALITLATTLSNAFVIATVY,NYLIASLAVTDLLVSILVMPISTMYT,FWLSSDITCCTASILHLCVIAL,AAVMIALVWVFSISISLPPFFW,ILYTVYSTVGAFYFPTLLLIALY,LGIILGAFIVCWLPFFIISLV,IFDFFTWLGYLNSLINPIIYTM
407,P50391,VMVFIVTSYSIETVVGVLGNL,FLMCLLCQPLTAVYTIMDYWI,SAFIQCMSVTVSILSLVLVAL,AYLGIVLIWVIACVLSLPFLA,IYTTFLLLFQYCLPLGFILVC,NVVLVVMVVAFAVLWLPLHVF,LIFLVCHLLAMASTCVNPFIY
408,O54798,PGIEALCAIYITYAGIISVGIL,NIFITSLAFGDLLLLLTCVPV,VLSFIRLTSVGVSVFTLTILSA,TCAKAGGIWIVSMIFALPEAI,CFLVFYIIPLSIISVYYSLIA,VLVLVALFALCWLPNHLLYLY,FSRVLAFSNSCVNPFALYWL
409,Q9R1K6,SVIFLVGLVGNIIALYVFLGI,IQIYLLNVAVADLLLIFCLPF,VVGTLFYMNMYISIILLGFIS,IYVCCIVWTVALAGFLTMIIL,AIFNFVLVVMFWLIFLLIILS,IVLIIFTICFVPYHAFRFIYI,IMLVFSSFNSCLDPVMYFLMS
410,Q62758,VVLLTFFAMVILMAILGNLLV,IVSLAFADLLVSVLVNAFGAI,LVRTSLDVLLTTASIFHLCCISL,IALMLGGCWVIPMFISFLPIM,AITCSVVAFYIPFLLMVLAYY,LCVIMGCFCFCWAPFFVTNIV,TAFLWLGYINSGLNPFLYAFL
411,Q9Y5X5,AIFIISYFLIFFLCMMGNTVV,FILNLAISDLLVGIFCMPITL,ISGLVQGISVAASVFTLVAIA,FVIIMIIWVLAITIMSPSAVM,IYTTVLFANIYLAPLSLIVIM,LLIVALLFILSWLPLWTLMML,IYIYPFAHWLAFGNSSVNPII
412,P08912,VITIAAVTAVVSLITIVGNVLVMI,YYLLSLACADLIIGIFSMNLY,LWLALDYVASNASVMNLLVISF,AGIMIGLAWLISFILWAPAILCW,TITFGTAIAAFYIPVSVMTILYC,LSAILLAFIITWTPYNIMVLV,LGYWLCYVNSTVNPICYALC
413,P14842,WSALLTTVVIILTIAGNILVIMAV,YFLMSLAIADMLLGFLVMPVSM,AIWIYLDVLFSTASIMHLCAISL,AFLKIIAVWTISVGISMPIPVFGL,FVLIGSFVAFFIPLTIMVITY,LGIVFFLFVVMWCPFFITNIMA,NVFVWIGYLSSAVNPLVYTLFN
414,P21731,FAASFCVVGLASNLLALSVLAGA,LCGLVLTDFLGLLVTGTIVVS,FMGVVMIFFGLSPLLLGAAMAS,WATVGLVWAAALALGLLPLLGVG,VAFGLLFSMLGGLSVGLSFLLNTVSV,LLGIMVVASVCWLPLLVFIAQTVL,LLIYLRVATWNQILDPWVYILF
415,Q15077,LLPPVYSAVLAAGLPLNICVI,VYTLNLALADLLYACSLPLLI,VRFLFYANLHGSILFLTCISF,WLVCVAVWLAVTTQCLPTAIF,ALTVIGFLLPFAALLACYCLL,AARMAVVVAAAFAISFLPFHI,AAYKGTRPFASANSVLDPILFYF
416,P51679,LFLPPLYSLVFVFGLLGNSVVVLVLFKY,LLNLAISDLLFVFSLPFWGYY,MISWMYLVGFYSGIFFVMLMSI,LTYGVITSLATWSVAVFASLPGFLF,NILGLVIPLGIMLFCYSMII,MIFAVVVLFLGFWTPYNIVLFLETL,AIQATETLAFVHCCLNPIIYFFLG
417,Q9Y2T6,LQFAVHIPTFVLGLLLNLLAI,TSIYMINLAVFDLLLVLSLPF,TLVECLYFVSMYGSVFTICFI,IFGICCTIWVLVWTGSIPIYS,VFFPLEVFGFLLPMGIMGFCC,LAVFVVSFLPVHLGFFLQFLV,LSMCFSNVNCCLDVFCYYFVI
418,O88319,AVYLALFVVGTVGNSVTAFTL,YHLGSLALSDLLILLLAMPV,GYYFLRDACTYATALNVASLSV,TKKFISAIWLASALLAVPMLF,VVIQVNTFMSFLFPMLIISILNTVI,VLRAVVIAFVVCWLPYHVRRLM,YFYMLTNALFYVSSAINPILY
419,P34976,FVMIPTLYSIIFVVGIFGNSLAVIV,VFLLNLALADLCFLLTLPLWAVY,IASASVSFNLYASVFLLTCLSI,LVAKVTCIIIWLLAGLASLP,IGLGLTKNILGFLFPFLIILTS,IIMAIVLFFFFSWVPHQIFTFL,IADIVDTAMPITICIAYFNNC
420,P51677,QFVPPLYSLVFTVGLLGNVVVVMILIKY,LLNLAISDLLFLVTLPFWIHY,LLSGFYHTGLYSEIFFIILLTI,VTFGVITSIVTWGLAVLAALPEFIF,TIFCLVLPLLVMAICYTGII,LIFVIMAVFFIFWTPYNVAILLSSY,VMLVTEVIAYSHCCMNPVIYAFVG
421,P25103,IVLWAAAYTVIVVTSVVGNVVVM,TVTNYFLVNLAFAEASMAAFNT,FHNFFPIAAVFASIYSMTAVAF,VVICVIWVLALLLAFPQGYYS,VYHICVTVLIYFLPLLVIGYAYTVV,MMIVVVCTFAICWLPFHIFFLL,QQVYLAIMWLAMSSTMYNPIIYCCL
422,Q8BZ39,VVYALIFVVGVIGNLLVCLVI,YLFSLAVSDLLVLLLGMPLEV,ALFETVCFASILSVTTVSIERYV,ILSLVWSFSVVFSLPNTSIHG,SFLFYILPMTLISVLYYLMGL,VTKMLFVLVLVFAICWTPFHV,AAVFNLIHVVSGVFFYLSSAV
423,Q5QD14,LACAVGVLITVLGNLFVVFAV,FLLLSLALADMLLGLLVLPLS,HTYLDTLFCLTSIFHLCFISI,IVAGWGIPAAYTAFFLYTDVV,FPAFFVPCLIMISLYLKIFVV,LGIAVGIYLVCWLPFTVDTLV,LVFDIFIWFAYFNSACNPIIYVF
424,Q28309,YITVEILIGLCAIVGNVLVIWVV,YFIVSLALADIAVGVLVMPLAIVI,FMTCLLLIFTHASIMSLLAIAV,IWLALGLCWLVSFLVGLTPMFG,VYFSFFTWILIPLVVMCAIYL,LFLVLFLFAFSWLPLSIINCITYF,IILYLGILLSHANSMMNPIVYAY
425,P21728,ILTACFLSLLILSTLLGNTLVCAAVI,FFVISLAVSDLLVAVLVMPWKAVAEIA,NIWVAFDIMCSTASILNLCVISV,AAFILISVAWTLSVLISFIPVQLSW,TYAISSSVISFYIPVAIMIVTYTRIY,TLSVIMGVFVCCWLPFFILNCILPFCG,FDVFVWFGWANSSLNPIIYAFNADF
426,P47936,IAVAVLCTLMGLLSALENMAVLYIIL,FISSLAGADFLASVIFACNFV,IFLLKIGSVTMTFTASVGSLLLTAV,ALVALCVMWVLSALISYLPLMGW,DYLLGWLLFIAILFSGIIYTYGYVLW,LGLVLAVLLICWFPALALMGH,AFAFCSMLCLVNSMVNPIIYAL
427,P21761,ILLVVIICGLGIVGNIMVVLVVM,CYLVSLAVADLMVLVAAGLPNI,CITYLQYLGINASSCSITAFTI,IIIFVWAFTSIYCMLWFFLLDLNI,MDFGVFYVVPMILATVLYGFIA,MLAVVVILFALLWMPYRTLVVV,QENWFLLFCRICIYLNSAINPVI
428,P30543,VYITVELAIAVLAILGNVLVCWAVW,FFVVSLAAADIAVGVLAIPFAITI,LFFACFVLVLTQSSIFSLLAIAI,AKGIIAICWVLSFAIGLTPMLGW,MNYMVYYNFFAFVLLPLLLMLAIYL,LAIIVGLFALCWLPLHIINCFTFF,PWLMYLAIILSHSNSVVNPFIYAY
429,P34968,QNWPALSIVVIIIMTIGGNILVIMAV,YFLMSLAIADMLVGLLVMPLS,PVWISLDVLFSTASIMHLCAISL,AIMKIAIVWAISIGVSVPIPVIG,FVLIGSFVAFFIPLTIMVITYF,VLGIVFFVFLIMWCPFFITNIL,LLNVFVWIGYVCSGINPLVYTLF
430,P28647,YITMEAAIGLCAVVGNMLVIWVV,YFIVSLALADIAVGVLVIPLAIAV,FMSCVLLVFTHASIMSLLAIAV,IWLFLGLCWLVSFLVGLTPMFG,VFFSFITWILIPLVVMCIIYL,LFLVLFLFALCWLPLSIINFVSYF,IAMCLGILLSHANSMMNPIVYAC
431,P51680,VFLPPLYSLVFLLGLFGNSVVVLVLFKY,LLNLAISDLLFVLSLPFWGYY,IVSWMYLVGFYSGIFFIMLMSI,LTYGVITSLITWSVAVFASLPGLLF,NVLGLLIPLGIMLFCYSMII,MIFAVVVLFLGFWTPYNVVLFLETL,AIQATETLAFIHCCLNPVIYFFLG
432,Q96LB2,VLTCIVSLVGLTGNAVVLWLL,LAAADFLFLSGRLIYSLLSFI,ILYPVMMFSYFAGLSFLSAVS,LLWALSLLRSILEWMLCGFLF,FITVAWLIFLCVVLCGSSLVL,VLVFLLCGLPFGIQFFLFLWI,LVSIFLSALNSSANPIIYFFV
433,P79394,IFLPTIYSIIFLTGIVGNGLVILVM,LHLSVADLLFVITLPFWAVDAV,AVHVIYTVNLYSSVLILAFI,VVYVGVWIPALLLTIPDFIF,VVVFQFQHIMVGLILPGIDIL,VILILAFFACWLPYYIGISI,WISITEALAFFHCCLNPILY
434,P33535,TAITIMALYSIVCVVGLFGNFLVMY,IYIFNLALADALATSTLPFQSVNYL,KIVISIDYYNMFTSIFTLCTMSV,AKIVNVCNWILSSAIGLPVMFM,ENLLKICVFIFAFIMPVLIITVCYG,ITRMVLVVVAVFIVCWTPIHIYVIIKA,FQTVSWHFCIALGYTNSCLNPVLY
435,P25090,LPLVVLGVTFVLGVLGNGLVIWV,ICYLNLALADFSFTATLPFLIV,IHIVVDINLFGSVFLIGFIAL,LAMKVIVGPWILALVLTLPVFL,FVIGFSLPMSIVAICYGLIAA,LTAVVASFFICWFPFQLVALLGTV,TSSLAFFNSCLNPMLYVFVG
436,P33534,IPVIITAVYSVVFVVGLVGNSLVMFVII,IYIFNLALADALVTTTMPFQSAVY,IVISIDYYNMFTSIFTLTMMSV,KAKIINICIWLLASSVGISAIVL,DLFMKICVFVFAFVIPVLIIIVCYT,LVLVVVAVFIICWTPIHIFILV,YYFCIALGYTNSSLNPVLYAFL
437,Q62463,LEVTVLAVIFVVAVLGNSSVLLAL,FIRHLSLADLAVAFFQVLPQLC,VVKHLQVFAMFASSYMLVVMTA,LMIAASWGLSFVLSIPQYFIFS,WMTSGVFVVPVIILGTCYGFI,FVIVSAYILCWTPFFIVQMW,ITALLASLNSCCNPWIYMFF
438,P51582,FILLPVSYAVVFVLGLGLNAPTLWLFI,YMFHLALSDTLYVLSLPTLIYYY,FLFYWNLYCSVLFLTCISV,LCLAVWLVVAGCLVPNLFFV,YVHFSSAVMGLLFGVPCLVTLVCYGL,IAVVLTVFAVCFVPFHITRTIYY,YKVTRPLASANSCLDPVLYLLT
439,Q95136,ILTACFLSLLILSTLLGNTLVCAAVI,FFVISLAVSDLLVAVLVMPWKAVAEIA,NIWVAFDIMCSTASILNLCVISV,AAFILISVAWTLSVLISFIPVQLSW,TYAISSSLISFYIPVAIMIVTYTRIY,TLSVIMGVFVCCWLPFFILNCMVPFCG,FDVFVWFGWANSSLNPIIYAFNADF
440,P29275,LYVALELVIAALSVAGNVLVCAAVG,YFLVSLAAADVAVGLFAIPFAITI,LFLACFVLVLTQSSIFSLLAVAV,ARGVIAVLWVLAFGIGLTPFLGW,MSYMVYFNFFGCVLPPLLIMLVIYI,LAMIVGIFALCWLPVHAVNCVTLF,PKWAMNMAILLSHANSVVNPIVYA
441,P30994,AALLIFAVIIPTIGGNILVILAV,YFLMSLAVADLLVGLFVMPIALL,AWLFLDVLFSTASIMHLCAISL,AFVKITVVWLISIGIAIPVPI,FMLFGSLAAFFAPLTIMIVTYFL,VLGIVFLFFLLMWCPFFITNV,LLQIFVWVGYVSSGVNPLIYTL
442,P79350,TAIIIMALYSIVCVVGLFGNFLVMY,IYIFNLALADALATSTLPFQSVNYL,KIVISIDYYNMFTSIFTLCTMSV,AKIINICNWILSSAIGLPVMFM,ENLLKICVFIFAFIMPILIITVCYG,ITRMVLVVVAVFIVCWTPIHIYVIIKA,FQTVSWHFCIALGYTNSCLNPVLY
443,P50130,ILTACFLSLLILSTLLGNTLVCAAVI,FFVISLAVSDLLVAVLVMPWKAVAEIA,NIWVAFDIMCSTASILNLCVISV,AAFILISVAWTLSVLISFIPVQLSW,TYAISSSLISFYIPVAIMIVTYTRIY,TLSVIMGVFVCCWLPFFILNCMVPFCG,FDVFVWFGWANSSLNPIIYAFNADF
444,Q8TDU9,LAYGLVGAIGLLGNLAVLWVL,FVFNLALADLGLALTLPFWAA,VLTATVLNVYASIFLITALSV,LFWARIATLAVWAAAALVTVP,VLAFMVPLGVITTSYLLLLAF,ILVASFFLCWFPNHVVTLWGV,TFYTIQTYVFPVTTCLAHSNS
445,P33766,FSYLIFAVTFVLGVLGNGLVIWV,ISYLNLAIADFCFTSTLPFYIA,IYTVIDINLFGSVFLIALIAL,LAKKVIIVPWICAFLLTLPVII,FIIGFSTPMSIVAICYGLITT,LSFVVAAFFLCWCPFQVVALISTI,TSPLAFFNSCLNPMLYVFMG
446,P70597,LPIFSMTLGAVSNVLALALLAQV,SLLAIDLAGHVIPGALVLR,FLGGCMVFFGLCPLLLGCGMAV,LALALLAAMALAVALLPLVHVG,ALLAGLFAGLGLAALLAALVCNTLSG,LVGIMVVSCICWSPLLVLVVLA,LAVRLASWNQILDPWVYILL
447,P16610,LALWATAYLALVLVAVTGNATVIW,YFIINLALADLCMAAFNATFN,FQNLFPITAMFVSIYSMTAIAA,AIIAGIWLVALALASPQCFYS,YHLVVFVLIYFLPLLVMFGAYS,MVLVVLTFAICWLPYHLYFIL,ALFWLAMSSTMYNPIIYCCL
448,P43117,FSIIFMTVGILSNSLAIAILMKAY,ASGLVITDFFGHLINGGIAVF,IFGISMVFSGLCPLFLGSAMAI,KMILSGVCMFAVFVAVLPILGHR,RFYLLFFSFLGLLALGVSFSCNAVTG,LLAIMCVSCVCWSPFLV,TLFALRMATWNQILDPWVYILL
449,Q80Z39,LGLEFVFGLLGNGLALWIFCF,IFLFNLAVADFLLIICLPFLT,VMLFMLAMNRQGSIIFLTVVA,AAIISCFLWGITIGLTVHLLY,FLLEFFLPLGIILFCSGRIIW,INFIMVVAIVFVICFLPSVAV,LAFFTTLSFTYMNSMLDPVVY
450,P19328,AAIASAITFLILFTIFGNALVILAV,FLVSLAAADILVATLIIPFSLANELL,EVYLALDVLFCTSSIVHLCAISL,CIILTVWLIAAVISLPPLIYKGD,AWYILASSIGSFFAPCLIMILVYL,LAVVIGVFVVCWFPFFFSYSLGAI,GLFQFFFWIGYCNSSLNPVIYTVF
451,Q61618,YITMEAAIGLCAVVGNMLVIWVV,YFIVSLALADIAVGVLVIPLAIAV,FMSCVLLIFTHASIMSLLAIAV,IWLFLGLCWLVSFLVGLTPMFG,VFFSFITWILVPLVVMCIIYL,LFLVLFLFALCWLPLSIINFVSYF,VAMCLGILLSHANSMMNPIVYAC
452,P18762,GMAILMSVIVLAIVFGNVLVITAI,IISLACADLVMGLAVVPFGASHIL,EFWTSIDVLCVTASIETLCVIAV,RVVILMVWIVSGLTSFLPIQMHWY,QAYAIASSIVSFYVPLVVMVFVYS,LGIIMGTFTLCWLPFFIVNIVHVI,EVYILLNWLGYVNSAFNPLIYCRS
453,P30938,RAVLVPVLYLLVCTVGLSGNTLVIYVVL,VYILNLAVADVLFMLGLPFLATQNAV,LVMTLDGINQFTSIFCLMVMSV,MASAAVWVFSLLMSLPLLVFA,GAAFITYTSVLGFFGPLLVICLCYL,RMVVVVVLVFVGCWLPFFIVNIVNLA,GLYFFVVVLSYANSCANPLLYGFLS
454,P22888,VLIWLINILAIMGNMTVLFVLL,FLMCNLSFADFCMGLYLLLIA,STAGFFTVFASELSVYTLTVITL,AILIMLGGWLFSSLIAMLPLVGV,VYILTILILNVVAFFIICACYIKI,MAILIFTDFTCMAPISFFAISAAF,VLLVLFYPINSCANPFLYAIFT
455,P32302,VAYSLIFLLGVIGNVLVLVIL,FLFHLAVADLLLVFILPFAVA,VIALHKVNFYCSSLLLACIAV,ITCGTIWLVGFLLALPEILFA,FLYHVAGFLLPMLVMGWCYVG,VAILVTSIFFLCWSPYHIVIF,TMCEFLGLAHCCLNPMLYTFA
456,P32300,LAIAITALYSAVCAVGLLGNVLVMFGIV,IYIFNLALADALATSTLPFQSAKYL,AVLSIDYYNMFTSIFTLTMMSV,KAKLINICIWVLASGVGVPIMVM,WYWDTVTKICVFLFAFVVPILIITVCYGLMLL,MVLVVVGAFVVCWAPIHIFVIVW,LHLCIALGYANSSLNPVLYAFL
457,Q9NQS5,GVVVAVTGTVGNVLTLLALAI,LIANLTLADLLYCTLLQPFSV,VFGLLLFASNSVSILTLCLIA,WVVGVASFAPLWPIYILVPVV,ILMGIYFVLGLSSVGIFYCLI,CFAVFLCFALSYIPFLLLNIL,MLAANLTWLNGCINPVLYAAM
458,P58308,WVLIAGYIIVFVVALIGNVLV,TNYFIVNLSLADVLVTITCLPA,KVIPYLQTVSVSVSVLTLSCIAL,NSIVVIWIVSCIIMIPQAIVM,YHICFFLVTYMAPLCLMILAY,MLMVVLLVFAICYLPISILNVL,YAWFTFSHWLVYANSAANPIIYNF
459,P33533,LAIAITALYSAVCAVGLLGNVLVMFGIV,IYIFNLALADALATSTLPFQSAKYL,AVLSIDYYNMFTSIFTLTMMSV,KAKLINICIWVLASGVGVPIMVM,WYWDTVTKICVFLFAFVVPILIITVCYGLMLL,MVLVVVGAFVVCWAPIHIFVIVW,LHLCIALGYANSSLNPVLYAFL
460,P30872,SAILISFIYSVVCLVGLCGNSMVIYVIL,IYILNLAIADELLMLSVPFLVTSTLL,LVLSVDAVNMFTSIYCLTVLSV,VVNLGVWVLSLLVILPIVVFS,LVGFVLYTFLMGFLLPVGAICLCYV,LMVMMVVMVFVICWMPFYVVQLVNVF,VSQLSVILGYANSCANPILYGFLS
461,P47211,LVVFGLIFALGVLGNSLVITV,NLFILNLSIADLAYLLFCIPF,FIHYFFTVSMLVSIFTLAAMSV,ALLGVGCIWALSIAMASPVAY,VVCTFVFGYLLPLLLICFCYA,VLVVVVVFGISWLPHHIIHLW,FGVFPLTPASFLFRITAHCLA
462,Q9UKP6,GTLLSAMGVVGVVGNAYTLVVTC,VYVVNLALADLLYLLSIPFIVATYVT,VLFGLDFLTMHASIFTLTVMSS,LLALGTWLLALLLTLPVML,AYLTLLFATSIAGPGLLIGLLYA,LVLGIVLLFWACFLPFWLWQLLAQYH,YLTTCLTYGNSCANPFLYTLL
463,P56481,ITLYAVIFLMSVGGNVLIIVVL,VTNAFLLSLAVSDLLLAVACMP,YLMGVSVSVSTLNLAAIAL,AARVILATWLLSGLLMVPY,VLLLILLFFIPGVVMAVAYGLIS,MLLVIVLLFFVCWLPVYSANTW,FIHLLSYTSACANPLVYCFMH
464,P47900,YYLPAVYILVFIIGFLGNSVAIW,VYMFNLALADFLYVLTLPALIF,LQRFIFHVNLYGSILFLTCISA,NAICISVLVWLIVVVAISPILF,FIYSMCTTVAMFCVPLVLILGCY,LVIIVLTVFAVSYIPFHVMKTMNL,ATYQVTRGLASLNSCVDPILYF
465,Q63931,AVQILLYSLIFLLSVLGNTLVITVLI,IFLLSLAVSDLMLCLFCMPFNLIPSLL,TTTYFMGTSVSVSTFNLVAISL,ALKVIAATWCLSFTIMTPYPI,TFLLLILFLIPGIVMMVAYGLISL,MLIVIVVLFFLCWMPIFSANA,TPISFILLLSYTSSCVNPIIYCFM
466,P48748,PTFIIAIFTLGLLGNSFVLSVFLL,IYLANLAASDLVFVLGLPFWAENVR,IVNGVIKANLFISIFLVVAISQ,ATCALIWLAGGLLSTPTFVLRSV,WLRMVELNLLGFLLPLAAILFFNCHIL,STALILTLVASFLVCWAPYHFFAFL,LGLQLSNFSAFVNSCLNPVIYVFV
467,P61793,LVMGLGITVCVFIMLANLLVMVAIY,IYYLMANLAAADFFAGLAYFYLMF,LLRQGLIDTSLTASVANLLAIAI,VVVVIVVIWTMAIVMGAIPSV,SYLVFWAIFNLVTFVVMVVLY,LLKTVVIVLGAFIVCWTPGLVLLLL,FFLLLAEFNSAMNPIIYSYRD
468,P20309,VVFIAFLTGILALVTIIGNILVIV,YFLLSLACADLIIGVISMNLFTTYII,LWLAIDYVASNASVMNLLVISF,AGVMIGLAWVISFVLWAPAILF,TITFGTAIAAFYMPVTIMTILYW,TLSAILLAFIITWTPYNIMVLVN,NLGYWLCYINSTVNPVCYAL
469,P16177,IALWSLAYGLVVAVAVFGNLIVI,TVTNYFLVNLAFSDASVAAFNT,FQNFFPITAVFASIYSMTAIAV,IVIGSIWILAFLLAFPQCLYS,TYHIIVIILVYCFPLLIMGVTYTIV,MMIIVVVTFAICWLPYHVYFIL,QQVYLASFWLAMSSTMYNPIIYCCL
470,P43116,SPAISSVMFSAGVLGNLIALALLA,LFHVLVTELVFTDLLGTCLISPVVLA,FAFAMTFFSLATMLMLFAMAL,GGLAVLPVIYAVSLLFCSLPLLDYG,LYATLLLLLIVSVLACNFSVILNLI,LILLAIMTITFAVCSLPFTIFAYM,ALRFLSINSIIDPWVFAILRPPVL
471,P25021,VVLAVLILITVAGNVVVCLAVG,VSLAITDLLLGLLVLPFSAIYQLS,IYTSLDVMLCTASILNLFMISL,VAISLVLIWVISITLSFLSIHLGWN,VYGLVDGLVTFYLPLLIMCITYYR,TLAAVMGAFIICWFPYFTAFVYRG,VLEAIVLWLGYANSALNPILYA
472,O95977,GLSVAASCLVVLENLLVLAAI,LVNITLSDLLTGAAYLANVLL,WFLREGLLFTALAASTFSLLF,VYGFIGLCWLLAALLGMLPLL,FCLVIFAGVLATIMGLYGAIF,VLMILLAFLVCWGPLFGLLLA,MDWILALAVLNSAVNPIIYSF
473,P43253,PATSTLMFVAGVVGNGLALGIL,LVTGLAVTDLLGTCFLSPAVFVAYA,FAFAMTFFGLASTLILFAMAV,CARLALPAIYAFCCLFCSLPLLGL,AYASLMALLVTSIFFCNGSVTL,YHLILLALMTGIMAVCSLPLTIRGF,LHAFRFNAFNPILDPWVFILF
474,P08908,VITSLLLGTLIFCAVLGNACVVAAIA,LIGSLAVTDLMVSVLVLPMAALYQV,LFIALDVLCCTSSILHLCAIAL,AAALISLTWLIGFLISIPPMLGWRTP,DHGYTIYSTFGAFYIPLLLMLVLYGR,TLGIIMGTFILCWLPFFIVALV,TLLGAIINWLGYSNSLLNPVIYAYF
475,P97717,ISVGCLGAFILFAIVGNILVILSV,IVNLAIADLLLSFTDLPFSATL,IFCDIWAAVDVLCCTASILSLCAISI,AILALLSVWVLSTVISIGPLLGW,FYALFSSLGSFYIPLAVILVMYC,LGIVVGMFILCWLPFFIALPLGSL,DAVFKVVFWLGYFNSCLNPIIYPCS
476,P32246,QLLPPLYSLVFVIGLVGNILVVLVLV,LKNMTSIYLLNLAISDLLFLFTLPFWI,ILSGFYYTGLYSEIFFIILLTI,VTFGVITSIIIWALAILASMPGLYF,FQALKLNLFGLVLPLLVMIICYTGII,LIFVIMIIFFLFWTPYNLTILISVF,AVQVTEVIAYTHCCVNPVIYAFVG
477,P30555,FVMIPTLYSIIFVVGIFGNSLVVIV,VFLLNLALADLCFLLTLPLWAVY,IASASVSFNLYASVFLLTCLSI,LVAKVTCIIIWLLAGLASLP,VGLGLTKNILGFLFPFLIILTS,IIMAIVLFFFFSWVPHQIFTFL,IADIVDTAMPITICLAYFNNC
478,O43194,LVYLIIFVMGLLGNSATIRVT,DHMVSLACSDILVFLIGMPM,LHTFLFEACSYATLLHVLTLSF,VKLLIGFVWVTSALVALPLLF,TVFQSSIFGAFVVYLVVLLSVAFMC,FLRLIVVTLAVCWMPNQIRRIM,ILLPFSETFFYLSSVINPLLY
479,P24530,YINTVVSCLVFVLGIIGNSTLLRII,ILIASLALGDLLHIVIDIPINVYKLL,LVPFIQKASVGITVLSLCALSI,AVEIVLIWVVSVVLAVPEAIGFDII,AKDWWLFSFYFCLPLAITAFFYTLM,VFCLVLVFALCWLPLHLSRILKLTLY,FLLVLDYIGINMASLNSCINPIALYLV
480,Q923Y9,LYSLISLIILTTLVGNLIVII,WLLHSMAVVDFLLGCLVMPYS,HTSTDIMLSSASILHLAFISI,IFVMILISWSLPAVFAFGMIF,VSGVLAFMTSFYIPGSVMLFV,LGIMVGVFLLCWCPFFFCMVL,WFGYLNSAFNPMVYAFFYPWF
481,P31391,MVAIQCIYALVCLVGLVGNALVIFVIL,IYLLNLAVADELFMLSVPFVA,AVLSVDGLNMFTSVFCLTVLSV,VAKLINLGVWLASLLVTLPIAIFA,AVFVVYTFLLGFLLPVLAIGLCYL,VLMVVVVFVLCWMPFYVVQL,VNHVSLILSYANSCANPILYGFL
482,P08588,QWTAGMGLLMALIVLLIVAGNVLVIVAIA,NLFIMSLASADLVMGLLVVPFGATIVV,LWTSVDVLCVTASIETLCVIAL,ARARGLVCTVWAISALVSFLPILM,AYAIASSVVSFYVPLCIMAFVYLRVF,QKALKTLGIIMGVFTLCWLPFFLANVVKAF,PDRLFVFFNWLGYANSAFNPIIY
483,Q62805,ITLVVFGLIFAMGVLGNSLVI,NLFILNLSIADLAYLLFCIPF,FIHYFFTVSMLVSIFTLAAMSV,ALLGVGFIWALSIAMASPVAY,AYVVCTFVFGYLLPLLLICFC,VLVVVVVFGISWLPHHVIHLW,FGAFPLTPASFFFRITAHCLA
484,P28190,AYIGIEVLIALVSVPGNVLVIWA,FIVSLAVADVAVGALVIPLAILI,LKVACPVLILTQSSILALLAIA,AVVAITGCWILSFVVGLTPMFGW,MEYMVYFNFFVWVLPPLLLMVLIYM,LALILFLFALSWLPLHILNCITLF,ILIYIAIFLSHGNSAMNPIVYAFRI
485,O08726,PLFFALIFLVGTVGNALVLAV,NLFILNLGVADLCFILCCVPF,AVHFLIFLTMHASSFTLAAVSL,ALAAIGLIWGLALLFSGPYLS,DLCTFVFSYLLPVLVLSLTYA,IIIVAVLFCLCWMPHHALILC,FGRFPLTRATYALRILSHLVS
486,P51684,FVPIAYSLICVFGLLGNILVVITFAFY,YLLNMAIADILFVLTLPFWAV,LLKGIYAINFNCGMLLLTCISM,TLPRSKIICLVVWGLSVIISS,LLMLGLELLFGFFIPLMFMIFCYTFIV,VIIAVVLVFLACQIPHNMVLLVTAA,LAFLHCCLNPVLYAFIGQ
487,P30551,ALQILLYSIIFLLSVLGNTLVITVLI,IFLLSLAVSDLMLCLFCMPFNLIPNLL,TTTYFMGTSVSVSTFNLVAISL,ALKVIAATWCLSFTIMTPYPI,TFLLLILFLLPGIVMVVAYGLISL,MLIVIVVLFFLCWMPIFSANA,TPISFILLLSYTSSCVNPIIYCFM
488,Q9GZN0,LLYSGLAIGGTLANGMVIYLV,CAADLSVCALWMPQEAVLGLL,GGLLGLGLTVSLLSHCLVAL,AGMLALSWALALGLVLLLPPW,LAAAALLAQTALLLHCYLGIV,VLLLCCVFLLATQPLVWVSLA,LPVPWGVQAASWLLCCALSAL
489,P34971,QWTAGMGLLLALIVLLIVVGNVLVIVAIA,NLFIMSLASADLVMGLLVVPFGATIVV,LWTSVDVLCVTASIETLCVIAL,ARARALVCTVWAISALVSFLPILM,AYAIASSVVSFYVPLCIMAFVYLRVF,QKALKTLGIIMGVFTLCWLPFFLANVVKAF,PDRLFVFFNWLGYANSAFNPIIY
490,O08790,LSMVVVSITFFLGVLGNGLVIWV,IWYLNLALADFSFTATLPFLLV,VHIAVDVNLFGSVFLIAVIAL,LARNVVVGSWIFALILTLPLFL,FIVSFSLPMSFVAICYGLITT,LTGVVASFFICWFPFQLVALLGTV,TSSLAFFNSCLNPILYVFMG
491,Q28998,QWTAGMGLLMALIVLLIVAGNVLVIVAIA,NLFIMSLASADLVMGLLVVPFGATIVV,LWTSVDVLCVTASIETLCVIAL,AARALVCTVWAISALVSFLPILM,AYAIASSVVSFYVPLCIMAFVYLRVF,QKALKTLGIIMGVFTLCWLPFFLANVVKAF,PDRLFVFFNWLGYANSAFNPIIY
492,Q8C131,LILVFVLGALGNGIALCGFCF,STIYLFNLAVADFLLMICLPL,VLFKLAMNRAGSIVFLTVVAV,AAATACVLWTLVILGTVYLLM,LEFFLPLTIILFCSVNVVWSL,FIMVVASVFITCYLPSVLARL,LHVTLSFTYLNSMLDPLVYYF
493,Q8HYC3,GTLLSAMGVVGVVGNAYTLVVTC,IYVVNLALADLLYLLSIPFIVATYIT,VLFSLDFLTMHASIFTLTVMSS,LLALGTWLLALLLTLPVML,AYLTLLFATSIAGPGLLIGLLYA,LVLGIVLLFWACFLPFWLWQLLAQYR,YLTTCLTYGNSCANPFLYTLL
494,Q8TCW9,IVIGMALVGIMLVCGIGNFIF,LLIANLAISDFLVAIVCCPFE,SLYVSTNALLAIAIDRYLAIV,GLIALVWTVSILIAIPSAYFT,FLFIFGIEFVGPVVTMTLCYA,VLVLMCILTAYVLCWAPFYGF,AFYIVECIAMSNSMINTLCFV
495,P33033,VFIKPEVFLALGIVSLMENILVILAV,FLCSLAAADMLVSLSNSLETIMIAV,IFDSMICISLVASICNLLAIAI,ALTLIGVIWVCCGICGVMFII,MVIVCLITMFFAMVLLMGTLYIHM,ILLGVFIFCWAPFFLHLVLIITC,TAHFNTYLVLIMCNSVIDPLIYAF
496,P0DMS8,YITMEIFIGLCAIVGNVLVICVV,YFIVSLALADIAVGVLVMPLAIVV,FMTCLLLIFTHASIMSLLAIAV,IWLALGLCWLVSFLVGLTPMFG,VYFSFLTWIFIPLVVMCAIYL,LFLVLFLFALSWLPLSIINCIIYF,LVLYMGILLSHANSMMNPIVYAY
497,P25105,LFPIVYSIIFVLGVIANGYVLW,FMVNLTMADMLFLITLPLWI,VAGCLFFINTYCSVAFLGVITY,GISLSLVIWVAIVGAASYFLIL,LIIHIFIVFSFFLVFLIILFC,VCTVLAVFIICFVPHHVVQLP,VTLCLLSTNCVLDPVIYCFL
498,Q9N2B7,VLLVMLLALITLATTLSNAFVIATVY,NYLIASLAVTDLLVSILVMPISTMYT,FWLSSDITCCTASILHLCVIAL,AAVMIALVWVFSISISLPPFFW,ILYTVYSTVGAFYFPTLLLIALY,LGIILGAFIVCWLPFFIISLV,IFDFFTWLGYLNSLINPIIYTM
499,P29276,LYVALELVIAALAVAGNVLVCAAVG,YFLVSLATADVAVGLFAIPFAITI,LFLACFVLVLTQSSIFSLLAVAV,ARGIIAVLWVLAFGIGLTPFLGW,MSYMVYFNFFGCVLPPLLIMMVIYI,LAMIVGIFALCWLPVHAINCITLF,PKWVMNVAILLSHANSVVNPIVYA
500,Q9UPC5,SVIFIVGLVGNIIALYVFLGI,IQIYLLNVAIADLLLIFCLPF,VVGTLFYMNMYISIILLGFIS,IYVCCIVWMLALGGFLTMIIL,AIFNFILVVMFWLIFLLIILS,IVLIIFTICFVPYHAFRFIYI,IMLVLSSFNSCLDPVMYFLMS
501,P22909,LTLVCLAGLLMLFTVFGNVLVIIAVF,FLVSLASADILVATLVIPFSLANEVM,EIYLALDVLFCTSSIVHLCAISL,IKAIIVTVWVISAVISFPPLISIE,QKWYVISSSIGSFFAPCLIMILVYV,VLAVVIGVFVVCWFPFFFTYTLIAV,FFFWFGYCNSSLNPVIYTIFN
502,P48974,VEIGILATVLVLATGGNLAVLLTL,FVLHLALTDLGVALFQVLPQLL,AVKYLQVLSMFASTYMLLAMTL,PLIAAPWLLAAILSLPQVFIFS,TTMAIFVLPVAVLSACYGLIC,FVIVLAYIACWAPFFSVQMW,ISMLLGNLSSCCNPWIYMGF
503,Q8TDS5,ILALEFVLGLVGNSLALFIFC,NTVFLVSLVAADFLLISNLPL,LFMLSTNRTASVVFLTAIALNRY,VAGGLWVGILLLNGHLLLSTF,ALYLLEFFLPLALILFAIVSI,VLAMVVAVYTICFLPSIIFGM,FHGSLAFTYLNSVLDPVLYCF
504,Q96P65,ALVLTGVLIFALALFGNALVF,IFICSLALSDLLITFFCIPVT,VPFVQSTAVVTEILTMTCIAV,FTMLGVVWLVAVIVGSPMWHV,IYTTFILVILFLLPLMVMLIL,VIMMVTVVALFAVCWAPFHVV,MIFAIVQIIGFSNSICNPIVY
505,P25100,GVGVGVFLAAFILMAVAGNLLVILSV,FIVNLAVADLLLSATVLPFSATMEVL,DVWAAVDVLCCTASILSLCTISV,AAILALLWVVALVVSVGPLLGWKEP,AGYAVFSSVCSFYLPMAVIVVMYC,TLAIVVGVFVLCWFPFFFVLPLGSL,EGVFKVIFWLGYFNSCVNPLIYPCS
506,Q924U1,LFFAALMLLGLVGNSLVIFVI,FLLCCVPFTALLYPLPTWVLG,IQQVSVQATCATLTAMSV,LTVSLSIWVGSAAVSAPVLAL,AFALYNLLALYLLPLLATCAC,VAAVVLLFAACWGPIQLFLVL,IWAHCMSYSNSALNPLLYAFL
507,P30550,ILYVIPAVYGVIILIGLIGNITLI,LFISSLALGDLLLLITCAPV,LIPFIQLTSVGVSVFTLTALSA,ALMKICLKAAFIWIISMLLAIP,IHSMASFLVFYVIPLSIISVYYYFIA,TVLVFVGLFAFCWLPNHVIYL,LHFVTSICARLLAFTNSCVNPFALYLL
